-- MySQL dump 10.16  Distrib 10.1.26-MariaDB, for debian-linux-gnu (x86_64)
--
-- Host: localhost    Database: db
-- ------------------------------------------------------
-- Server version	10.1.26-MariaDB-0+deb9u1

/*!40101 SET @OLD_CHARACTER_SET_CLIENT=@@CHARACTER_SET_CLIENT */;
/*!40101 SET @OLD_CHARACTER_SET_RESULTS=@@CHARACTER_SET_RESULTS */;
/*!40101 SET @OLD_COLLATION_CONNECTION=@@COLLATION_CONNECTION */;
/*!40101 SET NAMES utf8mb4 */;
/*!40103 SET @OLD_TIME_ZONE=@@TIME_ZONE */;
/*!40103 SET TIME_ZONE='+00:00' */;
/*!40014 SET @OLD_UNIQUE_CHECKS=@@UNIQUE_CHECKS, UNIQUE_CHECKS=0 */;
/*!40014 SET @OLD_FOREIGN_KEY_CHECKS=@@FOREIGN_KEY_CHECKS, FOREIGN_KEY_CHECKS=0 */;
/*!40101 SET @OLD_SQL_MODE=@@SQL_MODE, SQL_MODE='NO_AUTO_VALUE_ON_ZERO' */;
/*!40111 SET @OLD_SQL_NOTES=@@SQL_NOTES, SQL_NOTES=0 */;

--
-- Table structure for table `dbo.Info`
--

DROP TABLE IF EXISTS `dbo.Info`;
/*!40101 SET @saved_cs_client     = @@character_set_client */;
/*!40101 SET character_set_client = utf8 */;
CREATE TABLE `dbo.Info` (
  `NamaPesantren` varchar(10) DEFAULT NULL,
  `AlamatPesantren` varchar(6) DEFAULT NULL,
  `Bendahara` varchar(16) DEFAULT NULL,
  `Ketua` varchar(20) DEFAULT NULL
) ENGINE=InnoDB DEFAULT CHARSET=utf8mb4;
/*!40101 SET character_set_client = @saved_cs_client */;

--
-- Dumping data for table `dbo.Info`
--

LOCK TABLES `dbo.Info` WRITE;
/*!40000 ALTER TABLE `dbo.Info` DISABLE KEYS */;
INSERT INTO `dbo.Info` VALUES ('Al Mubarok','Serang','KH. Mahmudi, MSI','KH. Syaiful Umam. Lc');
/*!40000 ALTER TABLE `dbo.Info` ENABLE KEYS */;
UNLOCK TABLES;

--
-- Table structure for table `dbo.M_BerkasPendaftaran`
--

DROP TABLE IF EXISTS `dbo.M_BerkasPendaftaran`;
/*!40101 SET @saved_cs_client     = @@character_set_client */;
/*!40101 SET character_set_client = utf8 */;
CREATE TABLE `dbo.M_BerkasPendaftaran` (
  `Kode` varchar(4) DEFAULT NULL,
  `JenisBerkas` varchar(51) DEFAULT NULL,
  `Tahun` smallint(6) DEFAULT NULL
) ENGINE=InnoDB DEFAULT CHARSET=utf8mb4;
/*!40101 SET character_set_client = @saved_cs_client */;

--
-- Dumping data for table `dbo.M_BerkasPendaftaran`
--

LOCK TABLES `dbo.M_BerkasPendaftaran` WRITE;
/*!40000 ALTER TABLE `dbo.M_BerkasPendaftaran` DISABLE KEYS */;
INSERT INTO `dbo.M_BerkasPendaftaran` VALUES ('B001','Surat Pernyataan (Bermaterai)',2018),('B002','Foto Copy Ijazah (Dilegalisir)',2018),('B003','Foto Copy SKHUN (Dilegalisir)',2018),('B004','Foto Copy SKHUAMBN (Dilegalisir) Khusus Lulusan Mts',2018),('B005','Foto Copy Kartu NISN',2018),('B006','Foto Copy Akta Kelahiran',2018),('B007','Foto Copy Kartu Keluarga',2018),('B008','Foto Copy KTP Orang Tua',2018),('B009','Surat Pernyataan',2019),('B010','Photo Copy Ijazah',2019),('B011','Photo Copy SKHUN',2019);
/*!40000 ALTER TABLE `dbo.M_BerkasPendaftaran` ENABLE KEYS */;
UNLOCK TABLES;

--
-- Table structure for table `dbo.M_Buku`
--

DROP TABLE IF EXISTS `dbo.M_Buku`;
/*!40101 SET @saved_cs_client     = @@character_set_client */;
/*!40101 SET character_set_client = utf8 */;
CREATE TABLE `dbo.M_Buku` (
  `IDBuku` varchar(8) DEFAULT NULL,
  `Judul` varchar(68) DEFAULT NULL,
  `Pengarang` varchar(69) DEFAULT NULL,
  `Penerbit` varchar(28) DEFAULT NULL,
  `ISBN` varchar(13) DEFAULT NULL,
  `TahunTerbit` varchar(4) DEFAULT NULL,
  `KotaTerbit` varchar(13) DEFAULT NULL,
  `Cetakan` tinyint(4) DEFAULT NULL,
  `JmlHalaman` smallint(6) DEFAULT NULL,
  `JenisBuku` tinyint(4) DEFAULT NULL,
  `Deskripsi` varchar(11) DEFAULT NULL,
  `Foto` varchar(0) DEFAULT NULL,
  `SumberBuku` varchar(4) DEFAULT NULL,
  `Jumlah` tinyint(4) DEFAULT NULL
) ENGINE=InnoDB DEFAULT CHARSET=utf8mb4;
/*!40101 SET character_set_client = @saved_cs_client */;

--
-- Dumping data for table `dbo.M_Buku`
--

LOCK TABLES `dbo.M_Buku` WRITE;
/*!40000 ALTER TABLE `dbo.M_Buku` DISABLE KEYS */;
INSERT INTO `dbo.M_Buku` VALUES ('10112256','Indahnya Kematian','Bisri M.djaelani','pustaka insan madani','9789790260405','2008','yogyakarta',1,262,1,'Bagus','','SMB1',1),('10112258','Puasa Disaat Sehat Dan Sakit','Dr. Sukiman Rusli, Sp Pd','Annur Press','979999473','2005','Jakarta Timur',1,113,1,'Bagus','','SMB1',1),('10112260','Kaidah kaidah Fikih','Prof. H.A. Djazuli','Prenada Media Grup','979325582','2006','Jakarta',3,241,1,'Bagus','','SMB1',1),('10112261','Kiprah Muslimah','Bery c. Syamwil','Khaznah ilmu ilmu Islam','','1978','Bandung',5,168,1,'Bagus','','SMB1',1),('10112262','Keluarga sakinah ','S. Tabrani','Bintang Indonesia Jakarta','','2010','Jakarta',1,159,1,'Bagus','','SMB1',1),('101221','fadhilah shalat malam','abu abdillah mubarok bin mahfudh bamu\'allim Lc','duta ilmu','9789799016188','2008','surabaya',2,101,1,'bagus','','SMB1',1),('1012210','sifat wudhu nabi','fahd bin abdurahman asy syuwayyib','pustaka al kautsar','','2006','jakarta',13,76,1,'bagus','','SMB1',1),('1012211','Amar Ma\'ruf Nahi Munkar','syaikhul islam ibnu taimiyyah','pustaka at tibyan','','2002','solo',1,152,1,'bagus ','','SMB1',1),('1012212','fakta dan kesesatan tasawuf menurut al quran dan as sunah','muhammad bin jamil zainu','pustaka at tibyan','','2001','solo',2,92,1,'bagus','','SMB1',1),('1012213','islam kasih dan damai bagi alam','DR. kaelany HD, M.A.','restu ilahi','9799726417','2004','jakarta',1,138,1,'bagus','','SMB1',2),('1012214','sifat shalat jum\'at nabi','qismul ilmi darul wathan','al aqsho publishing','9789792658613','2010','depok',1,73,1,'bagus','','SMB1',2),('1012215','buku saku sifat shalat nabi','muhammad nashiruddin al albani','al aqso publishing ','9789792658637','2010','depok',1,80,1,'bagus','','SMB1',1),('1012216','tauhid prioritas pertama dan utama','muhammad nashiruddin al bania','darul haq','9799137403','2001','jakarta',1,56,1,'bagus ','','SMB1',1),('1012217','tentang zakat infak sedekah','PROF. DR. K.H. Didin Hafidhuddin','gema insani','9795615467','2008','depok',7,176,1,'bagus','','SMB1',1),('1012218','memahami 20 sifat fitrah anak','Drs. M. Thalib','irsyad baitus salam','','1997','Bandung',1,112,1,'bagus','','SMB1',1),('1012219','dua wajah tuhan','markaz ar risalah','pustaka zahra','9793249854','2005','jakarta',1,230,1,'bagus','','SMB1',1),('101222','bukan manusia besi sisi manusiawi muhammad saw','DR. Husein Mu\'nis','bening publishing','9799903904','2004','jakarta',1,188,1,'bagus','','SMB1',1),('1012220','mengupas sunnah membedah bid\'ah','DR. said bib ali bin wahf al qahthani','darul haq','9799137896','2006','',4,186,1,'bagus','','SMB1',1),('1012221','agar anak cinta al quran','DR. muhammad fahd ats tsuwaini','mumtaza','9789791601078','2007','solo',1,103,1,'bagus ','','SMB1',1),('1012222','menyongsong agama','Dr. Ibrahim abbas','pustaka at tibyan','','2002','solo',1,36,1,'bagus','','SMB1',1),('1012223','kitab al\' aqidah ath thahawiyah','syaikh abdul \'aziz bin baaz','pustaka at tibyan','','2000','solo',2,78,1,'bagus','','SMB1',1),('1012224','indonesia berzikir','muhammad arifin ilham dan syamsul yakin','intuisi press','9799746450','2004','depok',1,144,1,'bagus','','SMB1',1),('1012225','apa itu syi\'ah ','Prof. Dr. H. M. Rasjidi','media da\'wah','9798736036','1999','jakarta',3,59,1,'bagus','','SMB1',1),('1012226','Saatnya anda Tahu Siapa Nabi Isa ?','Syaikh Abdullah bin Abdurrahman Al-Jibrin','Darul Falah','','2005','jakarta 133',2,133,1,'bagus ','','SMB1',1),('1012227','Kehancuran Bagi orang yang Serakah dan iri Hati','Dr.H. Ali Mas\'ud, M.Ag,M.Pd.I','Amelia','9786028549271','2013','Surabaya',1,176,1,'bagus','','SMB1',1),('101223','bagaimana muslimah menyambut ramadhan','Abu Anas Husain Bin Ali','pustaka nawaitu','979373602x','2004','Jakarta Timur',5,144,1,'bagus','','SMB1',1),('1012230','kehancuran bagi orang serakah, dengki, dan iri hati','dr. H. ali mas\'ud M.Ag M.Pd.I','amelia','9786028549271','2013','surabaya',1,176,1,'bagus','','SMB1',1),('1012231','sejarah perjuangan syekh haji abdul muhyi','','','','1997','pamijahan',4,40,1,'bagus','','SMB1',1),('1012232','makin cantik dengan berjilbab','dr. muhammad fahd ats tsuwaini','najla press','9793974249','2006','jakarta',2,152,1,'bagus','','SMB1',1),('1012233','jalan menuju islam','muhammad bin ibrahim al hamd','darul haq','9799137675','2001','jakarta',1,78,1,'bagus','','SMB1',1),('1012234','pro aktif dalam da\'wah','dr. abdullah yusuf al hasani','robbani press','9793304693','2006','jakarta',1,105,1,'bagus','','SMB1',1),('1012235','penduduk sorga dan neraka','m. ali hasan','srigunting','9794216097','2000','jakarta',2,48,1,'bagus','','SMB1',1),('1012236','hakikat zikir','muhammad arifin ilham','intuisi press','9799746418','2004','depok',5,144,1,'bagus','','SMB1',2),('1012237','pembodohan siswa tersistematis','M. joko susilo','pinus','9799901065','2007','yogyakarta',1,239,2,'bagus','','SMB1',1),('1012238','pergi','tere liye ','republika','','2019','jakarta',7,455,2,'bagus','','SMB1',1),('1012239','Renungan-Renungan Zikir','Muhammad Arifin Ilham','Intuisi Press','9799746434','2004','Depok',2,180,1,'Bagus','','SMB1',1),('101224','saudariku kemana kau pergi','Ahmad al Imran','Darul Haq','9793407255','2004','jakarta',1,43,1,'bagus','','SMB1',2),('1012240','Penyimpangan Terhadap Al-Quran','Abu Anas Ali bin Husain Abu Luz','Darul Haq','9799137616','2001','Jakarta',1,112,1,'Bagus','','SMB1',1),('1012241','tertawa bersama abu nawas','mb. rahimsyah AR.','Sandro jaya','979396748x','','jakarta',1,96,2,'bagus','','SMB1',1),('1012242','100 pelajaran berharga dari surah yusuf','syaikh shalih al munajjid','cendikia','9793000856','2006','jakarta',1,158,1,'bagus','','SMB1',1),('1012243','pergi haji dengan RP 100','indah rozalina dan akhyar gunawan','asma nadia publishing house','9786029055061','2011','',1,84,1,'bagus','','SMB1',1),('1012244','metodologi penelitian living qur\'an dan hadist','dosen tafsir hadist fakultas ushuluddin uin sunan kalijaga yogyakarta','th press','9799781795','2007','yogyakarta',1,162,1,'bagus','','SMB1',1),('1012245 ','AJAL PASTI TIBA','musa turoichan','ampel mulia','','2009','surabaya',1,151,1,'bagus','','SMB1',1),('1012246','tata cara qurban','syaikh al utsaimin','media hidayah','','2002','yogyakarta',1,94,1,'bagus','','SMB1',1),('1012247','hukum tahlilan','abdul hakim bin amir abdat','pustaka abdullah ','9799851866','2006','jakarta',3,87,1,'bagus','','SMB1',1),('1012248','tabir hidayah','fariq gasim anuz','pustaka imam asy syafi\'i','9793536403','2003','jakarta',3,96,1,'bagus','','SMB1',1),('1012249','petunjuk nabi','umar abdul mu\'nim salim','pustaka azzam','','2002','jakarta',3,116,1,'bagus','','SMB1',1),('101225','bahaya riba dan lilitan utang','H. Ramlan Mardjoned','Media Da\'wah','9798736451','2005','jakarta',2,142,1,'bagus','','SMB1',1),('1012250','menjemput sakaratul maut bersama rasulullah','DR. muhammad abdul hadi','gema insani','9795617613','2002','jakarta',1,128,1,'bagus','','SMB1',1),('1012251','kebenaran al qur\'an jilid 3','','yayasan al mu\'min','','2005','cilacap',1,60,1,'bagus','','SMB1',1),('1012252','santapan ruhani sepanjang hari','DR. \'AIDH AL QARNI','bening','9786029557404','2010','yogyakarta',1,169,1,'bagus','','SMB1',1),('1012253','ringkasan al i\'tisham imam asy syathibi :membelah seluk beluk bid\'ah','syaikh abdul qadir as saqqaf','media hidayah ','','2003','yogyakarta',1,221,1,'bagus','','SMB1',1),('1012254','mukjizat mukjizat nabi SAW.','mushthafa al adawi','pustaka at tibyan','','','',1,160,1,'bagus','','SMB1',1),('1012255','Cinta Rasul','Hj.M.Ulfa Neno','Poliyama Widya Pustaka','','','jakarta ',1,50,1,'Bagus','','SMB1',1),('1012257','RAHASIA DI BALIK TOBAT DAN ZIKIR ','M.arifin Ilham','intermasa ','9793791071','2006','jakarta',1,94,1,'Bagus','','SMB1',1),('1012259','Kafilah Syuhada','Syaikh Dr. Abdullah azzam','ISLAMIKA','9792592903','2006','Solo',1,127,1,'Bagus','','SMB1',1),('101226','penjelasan tentang pembatalan keislaman','syeikh muhammad bin abdul wahhab','at tibyan','','2000','bogor',4,134,1,'bagus','','SMB1',1),('1012263','Manusia bumi dan manusia langit ','Syaikh Muhammad Amin Al-qurdi','PUSTAKA HIDAYAH','9786028631051','2010','Bandung',1,431,1,'Masih Bagus','','SMB1',1),('1012264','Riba Halal Riba Haram','Abu Fuad','Pustaka Thariqul Izzah','9799478561','2006','Bogor',1,65,1,'bagus','','SMB1',1),('1012265','mengenal sistem ekonomi islam','Prof. K.H.A. Wahab Afif, M.A','Majlis Ulama Indonesia','','2003','banten',1,150,1,'bagus','','SMB1',8),('1012266','kiat istimewa agar nasihat diterima','Muhammad bin Ibrahim al Hamd','pustaka ibnu katsir','9793956291','2006','bogor',2,178,1,'bagus','','SMB1',1),('1012267','qadha dan qadar','abu abdurrahman ali bin as sayyid al washifi','pustaka azzam','9793002581','2005','jakarta',1,335,1,'bagus ','','SMB1',1),('1012268','aplikasi syariat islam','Dr. shalih bin ghanim as sadlan','darul falah','','2002','jakarta',1,239,1,'bagus','','SMB1',1),('1012269','bersama kereta dakwah','Dr. Adil Abdullah al lail asy syuwaikh','robbani press','9793304596','2005','jakarta',1,582,1,'bagus','','SMB1',1),('101227','sistem penetapan fatwa produk halal majelis ulama indonesia','M.U.I','departemen agama RI','','2003','serang',1,27,1,'bagus','','SMB1',1),('1012270','ar risalah lautan hikmah di bulan berkah','','ar risalah','','2014','sukoharjo',1,71,2,'bagus','','SMB1',1),('1012271','pokok pokok hukum islam','Drs. sudarsono, S.H.,M.Si.','rineka cipta','9795183087','2001','jakarta',2,672,1,'bagus','','SMB1',1),('1012272','titik tolak : landasan gerak aktivis dakwah','muhammad ahmad ar- rasyid','robbani press','9793304405','2005','jakarta',1,332,1,'bagus','','SMB1',1),('1012273','bantahan terhadap musuh sunnah','syaikh abu abdurrahman muqbil','pustaka azzam','','2003','jakarta',1,315,1,'bagus','','SMB1',1),('1012274','tolak petaka dengan sedekah','musthafa syaikh ibrahim haqqi','group magfiroh pustaka','9789791026338','2007','jakarta',1,112,1,'bagus','','SMB1',1),('1012275','berjumpa Allah dalam shalat','musthafa khalili','zahra publishing house','9793249617','2006','jakarta',6,212,1,'bagus ','','SMB1',1),('1012276','bimbingan lengkap penyelenggaraan jenazah','abdur rahman bin abdullah al ghaits','pustaka at tibyan','','2003','bogor',4,264,1,'bagus','','SMB1',1),('1012277','adab safar','sa\'id bin \'ali bin wahf al qahthani','media hidayah','','2004','yogyakarta',1,127,1,'bagus','','SMB1',1),('1012278','membina keluarga takwa dan bahagia','Aidh bin abdullah al qarni','cendikia','9793000465','2005','jakarta',1,347,1,'bagus','','SMB1',2),('1012279','hakikat taqwa menurut islam','K.H. Abdul aziez muslim','cv.adfindo samsutama','','2008','',2,152,1,'bagus','','SMB1',12),('101228','harga diri dan kehormatan rumah tangga muslim','syaikh shalih bin abdullah bin humaid','at tibyan','','2002','bogor',1,36,1,'bagus','','SMB1',1),('1012280','Jilbab','M. Quraish Shihab','Lentera Hati','979904830','2004','Jakarta',1,176,1,'Bagus','','SMB1',1),('1012281','Misinterpretasi Terhadap Al-Qur\'an','Harun Yahya','Robbani Press','9793304103','2003','Jakarta',1,176,1,'Bagus','','SMB1',1),('1012282','Wanita Karir ','Adnan bin Dhaifullah Alu Asy-Syawabikah','Pustaka Imam Asy-Syafi\'i','9786028062459','2010','Jakarta',1,338,1,'Bagus','','SMB1',1),('1012283','Aktif Dalam Dakwah','Dr. Abdullah Yusuf Al-Hasani','Robbani Press','9793304693','2006','Jakarta',1,105,1,'Bagus','','SMB1',1),('1012284','Al-Aqdu Ats-Tsamin','Syaikh Nawawi Al-Bantani','Yayasan Raksa Ajar Indonesia','9786021480168','2019','Jakarta',1,92,1,'Bagus','','SMB1',1),('1012285','Aqidah Shahih Penyebab Selamatnya Seorang Muslim','Al-Hafizh Abu Bakar Al-Humaidi','Pustaka Imam Asy-Syafi\'i','9793536446','2005','Jakarta',1,103,1,'Bagus','','SMB1',1),('1012286','40 Manfaat Shalat Berjamaah','Abu Abdillah Musnid Al-Qahthani','Darul Haq','9799137209','2005','Jakarta',10,66,1,'Bagus','','SMB1',1),('1012287','Meneladani Rasulullah Dalam Berhari Raya','Syaikh Ali Hasan bin Ali Al-Halabi al-Atsari','Pustaka Imam Asy-Syafi\'i','9793536578','2005','Jakarta',1,128,1,'Bagus','','SMB1',1),('1012288','Metodologi Ilmu Tafsir','Prof. Dr. Abd. Muinj Salim, MA','Teras','9781752','2010','Yogyakarta',3,199,1,'Bagus','','SMB1',1),('1012289','Melihat Kebaikan Dalam Segala Hal','Harun Yahya','Senayan Abad','9799724147','2003','Jakarta',1,152,1,'Bagus','','SMB1',1),('101229','menyikapi tingkah laku suami','muhammad abdul ghoffar','al mahira','9799669979','2010','Jakarta Timur',3,436,1,'bagus','','SMB1',1);
/*!40000 ALTER TABLE `dbo.M_Buku` ENABLE KEYS */;
UNLOCK TABLES;

--
-- Table structure for table `dbo.M_BukuBaru`
--

DROP TABLE IF EXISTS `dbo.M_BukuBaru`;
/*!40101 SET @saved_cs_client     = @@character_set_client */;
/*!40101 SET character_set_client = utf8 */;
CREATE TABLE `dbo.M_BukuBaru` (
  `IDTrans` varchar(0) DEFAULT NULL,
  `Tanggal` varchar(0) DEFAULT NULL,
  `IDBuku` varchar(0) DEFAULT NULL,
  `IDSumber` varchar(0) DEFAULT NULL,
  `Jumlah` varchar(0) DEFAULT NULL
) ENGINE=InnoDB DEFAULT CHARSET=utf8mb4;
/*!40101 SET character_set_client = @saved_cs_client */;

--
-- Dumping data for table `dbo.M_BukuBaru`
--

LOCK TABLES `dbo.M_BukuBaru` WRITE;
/*!40000 ALTER TABLE `dbo.M_BukuBaru` DISABLE KEYS */;
/*!40000 ALTER TABLE `dbo.M_BukuBaru` ENABLE KEYS */;
UNLOCK TABLES;

--
-- Table structure for table `dbo.M_Bulan`
--

DROP TABLE IF EXISTS `dbo.M_Bulan`;
/*!40101 SET @saved_cs_client     = @@character_set_client */;
/*!40101 SET character_set_client = utf8 */;
CREATE TABLE `dbo.M_Bulan` (
  `Bulan` tinyint(4) DEFAULT NULL,
  `NamaBulan` varchar(9) DEFAULT NULL
) ENGINE=InnoDB DEFAULT CHARSET=utf8mb4;
/*!40101 SET character_set_client = @saved_cs_client */;

--
-- Dumping data for table `dbo.M_Bulan`
--

LOCK TABLES `dbo.M_Bulan` WRITE;
/*!40000 ALTER TABLE `dbo.M_Bulan` DISABLE KEYS */;
INSERT INTO `dbo.M_Bulan` VALUES (1,'Januari'),(2,'Februari'),(3,'Maret'),(4,'April'),(5,'Mei'),(6,'Juni'),(7,'Juli'),(8,'Agustus'),(9,'September'),(10,'Oktober'),(11,'November');
/*!40000 ALTER TABLE `dbo.M_Bulan` ENABLE KEYS */;
UNLOCK TABLES;

--
-- Table structure for table `dbo.M_Daftar`
--

DROP TABLE IF EXISTS `dbo.M_Daftar`;
/*!40101 SET @saved_cs_client     = @@character_set_client */;
/*!40101 SET character_set_client = utf8 */;
CREATE TABLE `dbo.M_Daftar` (
  `NoPendaftaran` varchar(12) DEFAULT NULL,
  `TglDaftar` varchar(19) DEFAULT NULL,
  `Tingkat` varchar(5) DEFAULT NULL,
  `NoInduk` varchar(11) DEFAULT NULL,
  `NIK_Siswa` varchar(0) DEFAULT NULL,
  `NISN` varchar(15) DEFAULT NULL,
  `Nama` varchar(35) DEFAULT NULL,
  `TempatLahir` varchar(17) DEFAULT NULL,
  `TanggalLahir` varchar(19) DEFAULT NULL,
  `Alamat` varchar(98) DEFAULT NULL,
  `Kecamatan` varchar(50) DEFAULT NULL,
  `Kota` varchar(27) DEFAULT NULL,
  `Provinsi` varchar(17) DEFAULT NULL,
  `BeratBadan` varchar(3) DEFAULT NULL,
  `TinggiBadan` varchar(3) DEFAULT NULL,
  `GolDarah` varchar(2) DEFAULT NULL,
  `JarakRumah` varchar(0) DEFAULT NULL,
  `TglMasuk` varchar(19) DEFAULT NULL,
  `JenisSPP` varchar(13) DEFAULT NULL,
  `TahunAjaran` varchar(4) DEFAULT NULL,
  `BayarDaftar` mediumint(9) DEFAULT NULL,
  `NomorIjazah` varchar(0) DEFAULT NULL,
  `TglIjazah` varchar(0) DEFAULT NULL,
  `NomorSKHUN` varchar(0) DEFAULT NULL,
  `TglSKHUN` varchar(0) DEFAULT NULL,
  `AsalSekolah` varchar(48) DEFAULT NULL,
  `AlamatSekolah` varchar(0) DEFAULT NULL,
  `SekolahTujuan` varchar(27) DEFAULT NULL,
  `NoHP` varchar(25) DEFAULT NULL,
  `TinggalDengan` varchar(23) DEFAULT NULL,
  `NAyah` varchar(26) DEFAULT NULL,
  `NoKK` varchar(17) DEFAULT NULL,
  `TempatLahirAyah` varchar(17) DEFAULT NULL,
  `TglLahirAyah` varchar(19) DEFAULT NULL,
  `PendidikanAyah` varchar(26) DEFAULT NULL,
  `PekerjaanAyah` varchar(27) DEFAULT NULL,
  `PenghasilanOrtu` varchar(9) DEFAULT NULL,
  `NIbu` varchar(32) DEFAULT NULL,
  `TempatLahirIbu` varchar(14) DEFAULT NULL,
  `TglLahirIbu` varchar(19) DEFAULT NULL,
  `Pendidikan` varchar(0) DEFAULT NULL,
  `PekerjaanIbu` varchar(28) DEFAULT NULL,
  `AlamatOrtu` varchar(98) DEFAULT NULL,
  `ProvinsiOrtu` varchar(17) DEFAULT NULL,
  `NoHPOrtu` varchar(39) DEFAULT NULL,
  `NWali` varchar(28) DEFAULT NULL,
  `TampatLahirWali` varchar(17) DEFAULT NULL,
  `TglLahirWali` varchar(19) DEFAULT NULL,
  `PendidikanWali` varchar(15) DEFAULT NULL,
  `PekerjaanWali` varchar(26) DEFAULT NULL,
  `HubunganWali` varchar(19) DEFAULT NULL,
  `NoHPWali` varchar(25) DEFAULT NULL,
  `Foto` varchar(0) DEFAULT NULL,
  `Kelas` varchar(5) DEFAULT NULL,
  `Jurusan` varchar(3) DEFAULT NULL,
  `Kamar` varchar(5) DEFAULT NULL,
  `JKelamin` varchar(2) DEFAULT NULL,
  `PendidikanIbu` varchar(32) DEFAULT NULL,
  `KecOrtu` varchar(42) DEFAULT NULL,
  `KotaOrtu` varchar(27) DEFAULT NULL,
  `AlamatWali` varchar(96) DEFAULT NULL,
  `KecWali` varchar(34) DEFAULT NULL,
  `KotaWali` varchar(15) DEFAULT NULL,
  `ProvinsiWali` varchar(16) DEFAULT NULL,
  `TglKeluar` varchar(19) DEFAULT NULL,
  `KeteranganKeluar` varchar(8) DEFAULT NULL,
  `NIKOrtu` varchar(0) DEFAULT NULL,
  `UserID` varchar(26) DEFAULT NULL,
  `stat` varchar(1) DEFAULT NULL
) ENGINE=InnoDB DEFAULT CHARSET=utf8mb4;
/*!40101 SET character_set_client = @saved_cs_client */;

--
-- Dumping data for table `dbo.M_Daftar`
--

LOCK TABLES `dbo.M_Daftar` WRITE;
/*!40000 ALTER TABLE `dbo.M_Daftar` DISABLE KEYS */;
INSERT INTO `dbo.M_Daftar` VALUES ('','2021-03-21 00:00:00','','','','','','','','','','','','','','','','','','',300000,'','','','','','','','','','','','','','','','','','','','','','','','','','','','','','','','','','','','','','','','','','','','','','','Panitia PSB',''),('T1.1819.0001','2018-01-20 00:00:00','MTs','1819.1.0001','','','Muhammad Fajar Rizqillah','','','','','','','0','0','','','','Reguler Putra','2018',250000,'','','','','','','','','','','','','','','','0','','','','','','','','','','','','','','','','','KLS3','JR1','','L','','','','','','','','','','','Meisya Lisse F.A, SE','T'),('T1.1819.0002','2018-01-20 00:00:00','MTs','1819.1.0002','','','M. Nabil Dhiya Athaya','','','','','','','0','0','','','','Reguler Putra','2018',250000,'','','','','','','','','','','','','','','','0','','','','','','','','','','','','','','','','','KLS1','JR1','','L','','','','','','','','','','','Meisya Lisse F.A, SE','T'),('T1.1819.0003','2018-01-20 00:00:00','MTs','1819.1.0003','','','M. Farhan Ardine','','','','','','','0','0','','','','Reguler Putra','2018',250000,'','','','','','','','','','','','','','','','0','','','','','','','','','','','','','','','','','KLS1','JR1','','L','','','','','','','','','','','Meisya Lisse F.A, SE','T'),('T1.1819.0004','2018-01-20 00:00:00','MTs','1819.1.0004','','0065775449','Alif Faridz Alfarisyi','Cilegon','2006-09-10 00:00:00','Perum BCK Blok C No. 03 No. 05 RT/RW 004/010 Desa Cibeber','Cibeber','Cilegon','Banten','70','145','A','','','Reguler Putra','2018',250000,'','','','','SD YPW KS 2','','MTs Al-Mubarok','085210684602/0852171700','Orang Tua','Sumedi','3672010501120005','Cilegon','1972-11-08 00:00:00','S1','Guru','5000000','Siti Muthoharoh','Grobogan','1980-01-03 00:00:00','','Karyawan Swasta','Perum BCK Blok C No. 03 No. 05 RT/RW 004/010 Desa Cibeber','Banten','085210684602/085217170034','Ahmad Masyur','','','','','Paman','081911205507','','KLS1','','AB1','L','SMA','Cibeber','Cilegon','Kp. Mekar Sari RT/RW 02/02 Warnasari ','Citangkil','Cilegon','Banten','','','','Meisya Lisse F.A, SE','T'),('T1.1819.0005','2018-01-20 00:00:00','MTs','1819.1.0005','','','Aqilah Meilumah Bunga','','','','','','','0','0','','','','Unggulan','2018',250000,'','','','','','','','','','','','','','','','0','','','','','','','','','','','','','','','','','','','','P','','','','','','','','','','','Panitia PSB','T'),('T1.1819.0006','2018-01-20 00:00:00','MTs','1819.1.0006','','','Hana Pertiwi','Serang','','','','','','0','0','','','','Reguler Putri','2018',250000,'','','','','','','','','','','','','','','','0','','','','','','','','','','','','','','','','','KLS1','','','P','','','','','','','','','','','Panitia PSB','T'),('T1.1819.0007','2018-01-20 00:00:00','MTs','1819.1.0007','','0068595094','Ilham Maulana Yusuf','Cilegon','2006-09-04 00:00:00','Ling Pancuran RT/RW 003/003 Desa Suralaya','Pulomerak','Cilegon','Banten','24','0','O','','','Reguler Putra','2018',250000,'','','','','SDN Kahal Suralaya','','MTs Al-Mubarok','087871934374/085966563476','Oranag Tua','Habibi','3672032601080008','Serang','1974-08-22 00:00:00','SD','Wiraswasta','4500000','Munawaroh','Serang','1982-12-12 00:00:00','','Ibu Rumah Tangga','Ling Pancuran RT/RW 003/003 Desa Suralaya','Banten','087871934374/085966563476','Habibi','Serang','1974-08-22 00:00:00','SD','Wiraswasta','Orang Tua','087871934374/085966563476','','KLS2','JR1','AB1','L','SD','Pulomerak','Cilegon','Ling Pancuran RT/RW 003/003 Desa Suralaya','Pulomerak','Cilegon','Banten','','','','Meisya Lisse F.A, SE','T'),('T1.1819.0008','2018-01-20 00:00:00','MTs','1819.1.0008','','0053506627','Muhamad Rizky Pratama','Tangerang','2005-07-05 00:00:00','Komp Banjar Agung Indah Blok F46/05 RT/RW 004/009 Desa Banjar Agung','Cipocok Jaya','Serang','Banten','36','147','','','','Reguler Putra','2018',250000,'','','','','SDIT Nur EL-Qolam','','MTs Al-Mubarok','081310268557/087809611552','Orang Tua','Budiono','','Tuban','1982-02-02 00:00:00','SLTP','Wiraswata','5000000','Siti Halimah','Cirebon','1972-02-06 00:00:00','','Ibu Rumah Tangga','Komp Banjar Agung Indah Blok F46/05 RT/RW 004/009 Desa Banjar Agung','Banten','081310268557/087809611552','Budiono','Tuban','1982-02-02 00:00:00','SLTP','Wiraswata','Orang Tua','081310268557/087809611552','','KLS1','JR1','AB1','L','SMA','Cipocok Jaya','Serang','Komp Banjar Agung Indah Blok F46/05 RT/RW 004/009 Desa Banjar Agung','Cipocok Jaya','Serang','Banten','','','','Meisya Lisse F.A, SE','T'),('T1.1819.0009','2018-01-20 00:00:00','MTs','1819.1.0009','','0066867086','Muhammad Shaddam','Serang','2006-03-30 00:00:00','TBL Block C.6A/27 RT/RW 001/016 Kel. Unyur','Serang','Serang','Banten','35','156','','','','Reguler Putra','2018',250000,'','','','','SDN Cinanggung','','MTs Al-Mubarok','087888820693/087809387715','Orang Tua','Hasan Basri','3604012309080031','Serang ','1977-05-12 00:00:00','SLTA','Wira Swasta','3000000','Ita Rosita','Pandeglang','1979-06-18 00:00:00','','Ibu Rumah angga','TBL Block C.6A/27 RT/RW 001/016 Kel. Unyur','Banten','087888820693/087809387715','Ita Rosita','Pandeglang','1979-06-18 00:00:00','SLTA','Ibu Rumah angga','Orang Tua','087888820693/087809387715','','','JR1','AB1','L','SLTA','Serang','Serang','TBL Block C.6A/27 RT/RW 001/016 Kel. Unyur','Serang','Serang','Banten','','','','Meisya Lisse F.A, SE','T'),('T1.1819.0010','2018-01-20 00:00:00','MTs','1819.1.0010','','0063731541','Ahmad Fahmirifa Fahruroji','Cilegon','2006-04-18 00:00:00','Jl. Sadewa No. 47 Kav Blok E RT/RW 015/005 Desa Ciwaduk','Cilegon','Cilegon','Banten','32','147','O','','','Reguler Putra','2018',250000,'','','','','SDIT NUR EL-QOLAM','','MTs Al-Mubarok','087880248073/087887360650','ORANG tUA','Supiadin','3672021412070190','Garut','1960-08-10 00:00:00','SLTA','Pensiunan','2000000','Isnaniah','Serang','1972-12-10 00:00:00','','Ibu Rumah Tangga','Jl. Sadewa No. 47 Kav Blok E RT/RW 015/005 Desa Ciwaduk','Banten','087880248073/087887360650','Supiadin','Garut','1960-08-10 00:00:00','SLTA','Pensiunan','Ayah','087880248073/087887360650','','KLS1','JR1','AB1','L','SLTA','Cilegon','Cilegon','Jl. Sadewa No. 47 Kav Blok E RT/RW 015/005 Desa Ciwaduk','Cilegon','Cilegon','Banten','','','','Meisya Lisse F.A, SE','T'),('T1.1819.0011','2018-01-20 00:00:00','MTs','1819.1.0011','','0064406125','Rizka Widya Ningsih','Serang','2006-01-12 00:00:00','Mandala Citra Blok G3/13 Rt.03/15','Serang','Serang','Banten','0','0','A','','','Unggulan','2018',250000,'','','','','SDN 13 Serang','','MTs Al-Mubarok','087771374842/085966187665','Orang Tua','Wardi','','Padang','1974-04-18 00:00:00','SLTA','Wirswasta','5000000','Widiawati','Padang','1980-04-05 00:00:00','','Ibu Rumah Tangga','Mandala Citra Blok G3/13 Rt.03/15','Banten','087771374842/085966187665','Widiawati','Padang','1980-04-05 00:00:00','SLTa','Ibu Rumah Tangga','Ibu','087771374842/085966187665','','','JR1','AN1','P','SLTa','Serang','Serang','Mandala Citra Blok G3/13 Rt.03/15','Serang','Serang','Banten','','','','Meisya Lisse F.A, SE','T'),('T1.1819.0012','2018-01-20 00:00:00','MTs','1819.1.0012','','0066235043','Muhammad Ibnu Hajar','Cilegon','2006-03-09 00:00:00','Link. Serdang Barat RT/RW 005/002 Desa Kedaleman','Cibeber','Cilegon','Banten','49','140','O','','','Reguler Putra','2018',250000,'','','','','SDN 1 Kedaleman Cilegon','','MTs Al-Mubarok','087771033836 / 0877723828','Orang Tua','H. Ahmad Hasni','3672013107170010','Cilegon','1960-11-09 00:00:00','SLTP','Buruh Harian Lepas','10000000','Ratu Sahanda (Alm)','','','','','Link. Serdang Barat RT/RW 005/002 Desa Kedaleman','Banten','087771033836 / 087772382851','Heriyah','Serang','1982-12-18 00:00:00','D4 Kebidanan','PNS','Teteh','087771033836 / 0877723828','','','JR1','AB1','L','','Cibeber','Cilegon','Link. Serdang Barat RT/RW 005/002 Desa Kedaleman','Cibeber','Cilegon','Banten','','','','Meisya Lisse F.A, SE','T'),('T1.1819.0013','2018-01-20 00:00:00','MTs','1819.1.0013','','0052685882	','Muhamad Insan Kamil','Cilegon','2005-11-23 00:00:00','Link Baru Rt.03/08','Jombang','Cilegon','Banten','0','0','','','','Reguler Putra','2018',250000,'','','','','SDN 2 Cilegon','','','087774881626','Orang Tua','Tato','','Cilegon','1965-05-05 00:00:00','SMA','Wirausaha','3000000','Eti Maryati','','','','','','','','','','','','','','','','KLS1','','AB1','L','','','','','','','','','','','Bety','T'),('T1.1819.0014','2018-01-21 00:00:00','MTs','1819.1.0014','','0064617751','Fayyadh \'Abbasy','Serang','2006-08-10 00:00:00','Kp. Tembakang RT/RT 007/002 Desa Pulokencana ','Pontang','Serang','Banten','30','138','','','','Reguler Putra','2018',250000,'','','','','SDN Tembakang 1','','MTs Al-Mubarok','087809259678/0859461526','Orang Tua','Syaefudin','3604121102072839','Serang','1977-07-24 00:00:00','Diploma I','PNS','5000000','Nur Indarina','Serang','1979-07-20 00:00:00','','Guru Honorer','Kp. Tembakang RT/RT 007/002 Desa Pulokencana ','Banten','087809259678/085946152615','Hilali','Serang','','SMP','','Kakek','085920629321','','KLS1','JR1','AB1','L','S1','Pontang','Serang','Kp. Tembakang RT/RT 007/002 Desa Pulokencana ','Pontang','Serang','Banten','','','','Meisya Lisse F.A, SE','T'),('T1.1819.0015','2018-01-21 00:00:00','MTs','1819.1.0015','','0069874784','Aulia Khaerunnisa','Serang','2006-03-20 00:00:00','Taman Banten Lestari D5A/11 RT/RW 001/021 Desa Unyur','Serang','Serang','Banten','50','149','O','','','Reguler Putri','2018',250000,'','','','','SDN Serang 5','','MTs Al-Mubarok','087880636141/08179862184','Orang Tua','Agus Jayalaksana','3604010810070001','Bandung','1968-02-15 00:00:00','S1','Guru','4000000','Yayah Nihayatul Husna','Bekasi','1983-08-10 00:00:00','','Guru','Taman Banten Lestari D5A/11 RT/RW 001/021','Banten','087880636141/08179862184','Nasiah','Bekasi','1965-02-20 00:00:00','SD','Ibu Rumah Tangga','Nenek','087871152162','','KLS1','JR1','AN1','P','S1','Serang','Serang','TBL Blok D7A No.09 ','Serang','Serang','Banten','','','','Meisya Lisse F.A, SE','T'),('T1.1819.0016','2018-01-21 00:00:00','MTs','1819.1.0016','','0062856893','Muhamad Fahri','Serang','2006-02-08 00:00:00','TBL Blok D8C/02 RT/RW 002/021 Kel Unyur','Serang','Serang','Banten','31','70','A','','','Reguler Putra','2018',250000,'','','','','SDN CINANGGUNG','','MTs Al-Mubarok','081295065088','Orang Tua','Didin (Alm)','3673010707150009','Garut','1976-06-16 00:00:00','SMA','Wiraswasta','8000000','Masitoh','Garut','1979-03-14 00:00:00','','Ibu Rumah Tangga','TBL Blok D8C/02 RT/RW 002/021 Kel Unyur','Banten','081295065088','Masitoh','Garut','1979-03-14 00:00:00','SMP','Ibu Rumah Tangga','Orang Tua','081295065088','','','JR1','AB1','L','SMP','Serang','Serang','TBL Blok D8C/02 RT/RW 002/021 Kel Unyur','Serang','Serang','Banten','','','','Meisya Lisse F.A, SE','T'),('T1.1819.0017','2018-01-21 00:00:00','MTs','1819.1.0017','','0052919630','Rahmah Auliya','Serang','2005-11-23 00:00:00','Link. Keserangan RT/RW 004/004 Desa Rawa Arum','Grogol','Cilegon','Banten','64','156','o','','','Reguler Putri','2018',250000,'','','','','SDN KOTA SARI','','MTs Al-Mubarok','085920043278','Orang Tua','Yogi Dwi Ismoyo','','Jogjakarta','1981-11-08 00:00:00','SMK','Wiraswasta','3000000','Ilastri','Serang','1978-04-25 00:00:00','','Ibu Rumah Tangga','Link. Keserangan RT/RW 004/004 Desa Rawa Arum','Banten','085920043278','Yogi Dwi Ismoyo','Jogjakarta','1976-08-05 00:00:00','SMK','Wiraswasta','Orang Tua','085920043278','','','JR1','AN1','P','SMA','Grogol','Cilegon','Link. Keserangan RT/RW 004/004 Desa Rawa Arum','Gerogol','Cilegon','Banten','','','','Meisya Lisse F.A, SE','T'),('T1.1819.0018','2018-01-21 00:00:00','MTs','1819.1.0018','','0055521055','Nurhaliza','Serang','2005-11-10 00:00:00','Kp. Lebak Cipocok','Cipocok','Cipocok','Banten','41','145','A','','','Reguler Putri','2018',250000,'','','','','SDN Cipocok','','MTs Al-Mubarok','087871842213','Orang Tua','Nuryani','','Serang','1965-08-17 00:00:00','SD','Wiraswasta','1000000','Komariyah','Serang','1977-01-19 00:00:00','','Ibu Rumah Tangga','Kp.lebak Cipocok','Banten','087871842213','Nuryani','Serang','1965-08-17 00:00:00','SD','Wiraswasta','Orang Tua','087871842213','','','JR1','AN1','P','SD','Cipocok','Cipocok','Kp.lebak Cipocok','Cipocok','Cipocok','Banten','','','','Meisya Lisse F.A, SE','T'),('T1.1819.0019','2018-01-22 00:00:00','MTs','1819.1.0019','','0065292063','Rifki Ridho Maulana','Cilegon','2006-02-12 00:00:00','Jl.Sunan Kalijaga. Link Kopo RT/RW 003/001','Ciwandan','Cilegon','Banten','33','143','','','','Reguler Putra','2018',250000,'','','','','SDN PANGBUAN','','MTs Al-Mubarok','087771546071/087771502450','Orang Tua','Mastur','','Serang ','1976-06-22 00:00:00','SMA','Petani','3000000','Sutihat','Cilegon','1959-06-05 00:00:00','','Ibu Rumah Tangga','Jl.Sunan Kalijaga. Link Kopo RT/RW 003/001','Banten','087771546071/087771502450','Mastur','Cilegon ','1976-06-22 00:00:00','SMA','Petani','Orang Tua','087771546071/087771502450','','','JR1','AB1','L','SMP','Ciwandan','Kota Cilegon','Jl.Sunan Kalijaga. Link Kopo RT/RW 003/001','Ciwandan','Kota Cilegon','Banten','','','','Meisya Lisse F.A, SE','T'),('T1.1819.0020','2018-01-24 00:00:00','MTs','1819.1.0020','','','Muhammad Reyoni Perdano','Menggala','2006-07-09 00:00:00','Lopang Cilik RT/RW 003/002 Desa Lopang','Serang','Serang ','Banten','0','0','','','','Reguler Putra','2018',250000,'','','','','SDN Kebaharan 2 Lopang Gede','','MTs Al-Mubarok','082372943489/085384507088','Orang tua ','Muhamad Imron','3673011105160002','Unit VI','1982-05-13 00:00:00','SMA','Wiraswasta','10000000','Haryati','Jepara','1984-02-02 00:00:00','','Ibu Rumah Tangga','Lopang Cilik RT/RW 003/002 Desa Lopang','Banten','082372943489/085384507088','Muhamad Imron','Unit VI','1982-05-13 00:00:00','SMA','Wiraswasta','Orang Tua','082372943489/085384507088','','','JR1','AB1','L','SMP','Serang','Serang ','Lopang Cilik RT/RW 003/002 Desa Lopang','Serang','Serang ','Banten','','','','Meisya Lisse F.A, SE','T'),('T1.1819.0021','2018-01-25 00:00:00','MTs','1819.1.0021','','0069857298','Muhammad Alfath','serang','2006-01-15 00:00:00','Komlpek Taman Banten Lestari Blok G7A NO.1 RT/RW 009/025 Desa Unyur','Serang','Serang','Banten','33','133','O','','','Reguler Putra','2018',250000,'','','','','SD NEGERI CIPUTAT','','MTs Al-Mubarok','085929859429','Orang Tua','Saefulloh','3673012602140004','Jakarta','1973-09-20 00:00:00','SMP','Karyawan Swasta','7000000','Sari Yuniarti','Serang','1980-05-30 00:00:00','','ibu rumah tangga','Komlpek Taman Banten Lestari Blok G7A NO.1 RT/RW 009/025 Desa Unyur','Banten','085929859429','','','','','','','','','KLS2','JR1','AB1','L','SMA','Serang ','Serang','','','','','','','','Sobihah, S.Pd.I','T'),('T1.1819.0022','2018-01-27 00:00:00','MTs','1819.1.0022','','0065337231','Nurul Qhoimah','Serang','2006-03-20 00:00:00','Kp Masigit RT/RW 02 /01 Desa Curug Agung','Baros','Serang','Banten','45','147','-','','','Reguler Putri','2018',250000,'','','','','SD Negeri Sengir Baros','','MTs Al-Mubarok','085946217773/085697678727','orang tua ','Wahyudin','3604221102078042','Serang','1966-06-15 00:00:00','SLTA','wiraswasta','2000000','Heti Herawati','Bandung','1982-06-15 00:00:00','','Ibu Rumah Tangga','Kp Masigit RT/RW 02 /01 Desa Curug Agung','Banten','085946217773/085697678727','Daman','Serang','','SLTA','PNS','Paman','087880656168','','','JR1','AN1','P','SLTP','Baros ','Serang','Kp Masigit RT/RW 02 /01 Desa Curug Agung','Baros','Serang','Banten','','','','Meisya Lisse F.A, SE','T'),('T1.1819.0023','2018-01-27 00:00:00','MTs','1819.1.0023','','0064749700','Saniah Alfianti','Cilegon','2005-12-03 00:00:00','Link. Baru RT/RW 003/008 Desa Jombang Wetan','Jombang','Cilegon','Banten','34','142','B','','','Reguler Putri','2018',250000,'','','','','SDN JERANG ILIR','','MTS AL-MUBAROK','0877715718000','Orang Tua','Ahmad Efendi','3672053107090001','Cilegon','1976-07-05 00:00:00','SLTA','Wiraswasta','3000000','Siti Kholifah','Lampung','1982-04-06 00:00:00','','Ibu Rumah Tangga','Link. Baru RT/RW 003/008 Desa Jombang Wetan','Banten','0877715718000','Ahmad Efendi','Cilegon','1976-07-05 00:00:00','SLTA','Wiraswasta','Bapak','089524924064','','KLS1','JR1','','P','SLTA','Jombang','Cilegon','Link. Baru RT/RW 003/008 Desa Jombang Wetan','Jombang','Cilegon','Banten','','','','Meisya Lisse F.A, SE','T'),('T1.1819.0024','2018-01-28 00:00:00','MTs','1819.1.0024','','','Fadilah Nazuhra','Sukoharjo','2006-01-31 00:00:00','Puri Krakatau Hijau Blok B9/No 11 RT/RW 023/006 Kel. Kota Sari','Grogol','Cilegon','Banten','46','145','O+','','','Reguler Putri','2018',250000,'','','','','MIN 1 Kota Cilegon','','MTs Al-Mubarok','081808210291/087871174001','Orang Tua','Mulyoto','3642060301120005','Sukoharjo','1982-03-01 00:00:00','SMK','Karyawan Swasta','3000000','Suharni','Jakarta','1982-04-15 00:00:00','','PNS','Puri Krakatau Hijau Blok B9/No 11 Rt.23/06 Kel.Kota Sari','Banten','081808210291/087871174001','Mulyo','Suko Harjo','1982-03-01 00:00:00','SMK','Karyawan Swasta','Orang Tua','081808210291/087871174001','','','JR1','','P','D3','Grogol','Cilegon','Puri Krakatau Hijau Blok B9/No 11 Rt.23/06 Kel.Kota Sari','Grogol','Cilegon','Banten','','','','Bety','T'),('T1.1819.0025','2018-01-28 00:00:00','MTs','1819.1.0025','','0069623005','Muhamad Thoriq Lazuardi','Serang','2006-04-06 00:00:00','Kp. Luwung Sumut RT/RW 01/01 Desa Jeruk Tipis','Kragilan','Serang','Banten','42','149','','','','Reguler Putra','2018',250000,'','','','','SDN Jeruk Tipis 4','','MTS Al Mubarok','081280744141/081280744142','Orang Tua','Alamsyah Rusmana ','3604111102077601','Serang','1978-01-29 00:00:00','SMA','Karyawan ','3600000','Hafifah','Serang','1976-03-07 00:00:00','','Ibu Rumah Tangga','Kp. Luwung Sumut RT/RW 01/01 Desa Jeruk Tipis','Banten','081280744141/081280744142','Tedi Suganda','Serang','','SMA','','Sepupu','083813618808','','KLS2','JR1','AB1','L','SMA','Kragilan','Serang','Kp. Luwung Sumut RT/RW 01/01 Desa Jeruk Tipis','Kragilan','Serang','Banten','','','','Bety','T'),('T1.1819.0026','2018-01-28 00:00:00','MTs','1819.1.0026','','0062611151','Azhar Nazhifa','Serang','2006-04-12 00:00:00','Kp. Begog RT/RW 007/002 Kel. Singarajan','Pontang','Serang','Banten','30','137','A','','','Reguler Putri','2018',250000,'','','','','SDN Pontang 1','','MTs Al-Mubarok','087776340950/087809614109','Orang Tua','H. Suhada','3604121102077560','Serang','1963-12-21 00:00:00','SLTA','BUMD','5000000','Hj. Faijah. S.Pd','Serang','1973-02-26 00:00:00','','PNS','Kp. Begog RT/RW 007/002 Kel. Singarajan','Banten','087776340950/087809614109','H.Suhada','Serang','1963-12-21 00:00:00','SLTA','BUMD','Ayah','087776340950/087809614109','','','JR1','AN1','P','S1','Pontang','Serang','Kp. Begog RT/RW 007/002 Kel. Singarajan','Pontang','Serang','Banten','','','','Bety','T'),('T1.1819.0027','2018-01-28 00:00:00','MTs','1819.1.0027','','0069357568','Sofi Layini Husniyah','Serang','2006-06-22 00:00:00','Kp. Kepandikan RT/RW 003/001 Desa Pegantikan','Pontang','Serang','Banten','44','141','','','','Reguler Putri','2018',250000,'','','','','SDN Pegantikan 1','','MTs Al-Mubarok','087782997287','Orang Tua','Sobari','3604121102073232','Serang','1976-05-02 00:00:00','Diploma IV / Strata I','Wiraswasta','1000000','Fifi Sumarni','Serang','1981-07-23 00:00:00','','Guru','Kp. Kepandikan RT/RW 003/001 Desa Pegantikan','Banten','087808004960','Sobari','Serang','1967-05-02 00:00:00','Diploma IV / St','Wiraswasta','Orang Tua','087808004960','','','JR1','AN1','P','Diploma IV/ Strata I','Pontang','Serang','Kp. Kepandikan RT/RW 003/001 Desa Pegantikan','Pontang','Serang','Banten','','','','Bety','T'),('T1.1819.0028','2018-01-31 00:00:00','MTs','1819.1.0028','','','Ramadhan Awaludin','Serang','2005-10-05 00:00:00','Kp. Blosong RT/RW 003/004 Kel. Serdang','Kramat Watu','Serang','Banten','31','151','','','','Reguler Putra','2018',250000,'','','','','SDIT Bina Insani','','MTs Al-Mubarok','081316521425/087871383100','Orang Tua','Dady Ruslan','','Serang','1960-05-03 00:00:00','SLTA','Wiraswasta','10000000','Romlah','Serang','1970-03-29 00:00:00','','Wirausaha','Kp. Blosong RT/RW 003/004 Kel. Serdang','Banten','081316521425/087871383100','Ade Dwi Meyrusanty','Serang','1995-05-28 00:00:00','D3 (Manajemen)','Ibu Rumah Tangga','Teteh','087808551562','','','JR1','AB1','L','SMP','Kramat Watu','Serang','Kp. Blosong RT/RW 003/004 Kel. Serdang','Kramat Watu','Serang','Banten','','','','Meisya Lisse F.A, SE','T'),('T1.1819.0029','2018-01-31 00:00:00','MTs','1819.1.0029','','0063503309','Devani Nayla Putry','Serang','2006-12-08 00:00:00','Banjar Sari Permai Blok B6/40 RT/RW.03/12 Kel. Banjar Sari','Cipocok Jaya','Serang','Banten','41','142','O','','','Reguler Putri','2018',250000,'','','','','SDN Banjar Sari 2','','MTs Al-Mubarok','087728568445/087889897206','Orang Tua','Slamet','3604020905060007','Kebumen ','1982-05-10 00:00:00','SMK','Wiraswasta','15000000','Nila Deswita','Padang ','1983-12-20 00:00:00','','Wirausaha','Banjar Sari Permai Blok B6/40 RT/RW.03/12 Kel. Banjar Sari','Banten','087728568445/087889897206','Selamet','kebumen ','1982-05-10 00:00:00','STM','Wiraswasta','Ayah','087728568445/087889897206','','','JR1','AN1','P','SLTA ','Cipocok Jaya','Serang','Banjar Sari Permai Blok B6/40 RT/RW.03/12 Kel. Banjar Sari','Cipocok Jaya','Serang','Banten','','','','Meisya Lisse F.A, SE','T'),('T1.1819.0030','2018-02-03 00:00:00','MTs','1819.1.0030','','0052691458','Zaskia Annazra Ramadhani','Cilegon','2005-10-29 00:00:00','PERUM BCK Blok C.15 No.20 RT/RW 02/10','Cibeber','Cilegon','Banten','36','143','A+','','','Reguler Putri','2018',250000,'','','','','SDIT Raudhatul Jannah','','MTs Al Mubarok','085219560726/08174843134','Orang Tua','Zamroni Zaini','3672012409100011','Lampung','1976-10-02 00:00:00','SMA','Wiraswasta','5000000','Sahiya Lina','Indramayu','1984-04-25 00:00:00','','Ibu Rumah Tangga','PERUM BCK Blok C.15 No.20 RT/RW 02/10','Banten','085219560726/08174843134','Rohadi','Lampung','','','Karyawan ','Adik Ipar','081808886462','','','JR1','AN1','P','SMK','Cibeber ','Cilegon','Pondok Cilegon Indah','Cibeber ','Cilegon','Banten','','','','Sobihah, S.Pd.I','T'),('T1.1819.0031','2018-02-03 00:00:00','MTs','1819.1.0031','','','Mohamad Fajar Ferdiansyah','cirebon','2007-05-27 00:00:00','Kp.Bebangkir Rt.11/03 Desa Pegandikan, ','Lebak Wangi','Serang','Banten','28','133','-','','','Reguler Putra','2018',250000,'','','','','SDN Pegandikan 2','','','085774933460/','Orang Tua','Dedi','3604122011090028','Serang','1980-09-13 00:00:00','SLTP','Wiraswasta','5000000','Maskuni','Cirebon','1986-12-20 00:00:00','','Pengurus Rumah Tangga','Kp.Bebangkir Rt.11/03 Desa Pegandikan, ','Banten','085774933460/','Dedi','Serang','1980-09-13 00:00:00','SLTP','Wiraswasta','Ayah','085774933460/','','KLS1','','','L','SLTP','Lebak Wangi','Serang','Kp.Bebangkir Rt.11/03 Desa Pegandikan, ','Lebak Wangi','Serang','Banten','','','','Bety','T'),('T1.1819.0032','2018-02-04 00:00:00','MTs','1819.1.0032','','','Seven Octo Ghalbi','Serang','2005-10-07 00:00:00','Kp Krapcak RT/RW 005/002 Wanayasa','Kramatwatu','Serang','Banten','27','133','o','','2018-02-04 00:00:00','Reguler Putra','2018',250000,'','','','','','','','087871688396','','Habibi','3604051202076151','Serang','1967-04-24 00:00:00','SLTA','Buruh','4000000','Suenah','Serang','1970-12-27 00:00:00','','Ibu Rumah Tangga','Kp Krapcak RT/RW 005/002 Wanayasa','Banten','087871688396','','','','','','','087871688396','','KLS1','JR1','','L','SD','Kramatwatu','Serang','','','','','','','','Meisya Lisse F.A, SE','T'),('T1.1819.0033','2018-02-04 00:00:00','MTs','1819.1.0033','','','Firda Syarif','Padang','2006-03-27 00:00:00','Bumi Agung Permai Blok D2 No 5','Serang','Serang','Banten','30','139','','','','Unggulan','2018',250000,'','','','','','','','081384485480','','Nurman Syarif','','Jambi','1976-01-06 00:00:00','SMA','Wiraswasta','8000000','Azmita Syarif ','Medan ','1982-03-11 00:00:00','','IRT','Bumi Agung Permai Blok D2 No 5','Banten','081384485480','Nurman Syarif','Jambi','1976-01-06 00:00:00','SMA','Wiraswasta','Ayah','08129596842','','','','','P','SMK','Serang','Serang','Bumi Agung Permai Blok D2 No 5','Serang','Serang','Banten','','','','Meisya Lisse F.A, SE','T'),('T1.1819.0034','2018-02-04 00:00:00','MTs','1819.1.0034','','','Mutiara Lainatussifa','Serang','2005-09-24 00:00:00','Kp. Balekambang 005/002','Ciomas','Serang','Banten','38','150','A','','','Unggulan','2018',250000,'','','','','','','','087871163469/087774382009','','Ace Suratman','3604272403050003','Serang','1977-09-05 00:00:00','SLTP','Wiraswasta','5000000','Cucu Susilawati','Serang','1978-07-08 00:00:00','','Pedagang','Kp. Balekambang 005/002','Banten','087774382009','Ace Suratman','Serang','1977-09-05 00:00:00','SLTP','Wiraswasta','Ayah','087871163469','','KLS1','','','P','SLTP','Ciomas','Serang','Kp. Balekambang 005/002','Ciomas','Serang','Banten','','','','Meisya Lisse F.A, SE','T'),('T1.1819.0035','2018-02-05 00:00:00','MTs','1819.1.0035','','0059041371','Afida Sari','Serang','2005-09-14 00:00:00','Kp. Bojong RT/RW 003/002 Sukadalem ','Waringin Kurung','Serang',' Banten','49','149','O','','','Reguler Putri','2018',250000,'','','','','SDN Gegenong Sukadalem ','','Mts Al-Mubarok','081296918218','Orang Tua','Markat','3604062003170007','Bojonegoro','1974-05-11 00:00:00','SLTP','Buruh Harian Lepas','4000000','Nawiyah','Serang','1977-06-15 00:00:00','','Ibu Rumah Tangga','Kp. Bojong RT/RW 003/002 Sukadalem ',' Banten','089650666099','Nawiyah','Serang','1977-06-15 00:00:00','SD/Sederajat','Ibu Rumah Tangga','Ibu','089650666099/081296918218','','','JR1','AN1','P','SD/Sederajat','Waringin Kurung','Serang','Kp. Bojong RT/RW 003/002 Sukadalem ','Waringin Kurung','Serang',' Banten','','','','Meisya Lisse F.A, SE','T'),('T1.1819.0036','2018-02-07 00:00:00','MTs','1819.1.0036','','0062859100','Jasica Azhra Olgalivina','Serang','2006-07-14 00:00:00','Kp.Pos Tambak Rt.001/01 Kel.Tambak','kibin','Serang','Banten','75','147','O','','','Unggulan','2018',250000,'','','','','MI Al-hidayah gorda','','','083812582323/087884947713','Orang Tua','Sutarto','360416040110003','Karang Anyer','1982-08-10 00:00:00','SLTP','Kariawan Swasta','5000000','Titin Wulandari','Karang Anyer','1986-01-26 00:00:00','','Pengurus Rumah Tangga','Kp.Pos Tambak Rt.001/01 Kel.Tambak','Banten','083812582323/087884947713','Sutarto','Karang Anyer','1982-08-10 00:00:00','SLTP','Kariawan Swasta','Ayah','083812582323/087884947713','','','','','P','SLTP','kibin','Serang','Kp.Pos Tambak Rt.001/01 Kel.Tambak','kibin','Serang','Banten','','','','Meisya Lisse F.A, SE','T'),('T1.1819.0037','2018-02-07 00:00:00','MTs','1819.1.0037','','0068970789','Putri Indah Cahyani','Serang','2006-08-25 00:00:00','Kp.Tambak Baru Rt.01/01 kel.Kibin','Kibin','Serang','Banten','65','147','','','','Unggulan','2018',250000,'','','','','Mi Al-hidayah Gorda','','','081281571693/081310497979','Orang Tua','Edi Sutarmanto','','Wonogiri','1970-08-01 00:00:00','SMP','Wiraswasta','5000000','Asih gumiati','Kebumen','1974-06-04 00:00:00','','Ibu Rumah Tanga','Kp.Tambak Baru Rt.01/01 kel.Kibin','Banten','081281571693/081310497979','Edi Sutarmanto','Wonogiri','1970-08-01 00:00:00','SMP','Wiraswasta','Ayah','081281571693/081310497979','','KLS1','','','P','SLTP','Kibin','Serang','Kp.Tambak Baru Rt.01/01 kel.Kibin','Kibin','Serang','Banten','','','','Meisya Lisse F.A, SE','T'),('T1.1819.0038','2018-02-11 00:00:00','MTs','1819.1.0038','','0062700476','Yolanda Eka Mutiara','Serang','2006-07-19 00:00:00','Kp. Kemanduran RT/RW 002/001 Desa Teritih','Walantakan','Serang','Banten','46','151','','','','Reguler Putri','2018',250000,'','','','','SD Islam Tirtayasa','','MTs Al-Mubarok','087709816188','Orang Tua','Yunelson, SE','3604100109040071','Padang','1969-07-25 00:00:00','Diploma IV/Strata I','Karyawan Swasta','3000000','Refi Lindawati, AM.Keb','Serang','1981-10-06 00:00:00','','Pekerjaan Lainnya','Kp. Kemanduran RT/RW 002/001 Desa Teritih','Banten','08128018294','Refi Lindawati, AM.Keb','Serang','1981-10-06 00:00:00','Akademi/Diploma','Pekerjaan Lainnya','Ibu','08128018294','','','JR1','AN1','P','Akademi/Diploma III/S. Muda','Walantakan','Serang','Kp. Kemanduran RT/RW 002/001 Desa Teritih','Walantakan','Serang','Banten','','','','Sobihah, S.Pd.I','T'),('T1.1819.0039','2018-02-15 00:00:00','MTs','1819.1.0039','','','Febrina Indrika Devanthiana','Serang','2006-02-09 00:00:00','Link Cibandor 002/011 Kelurahan Kaligandu','Serang','Serang','Banten','45','150','','','','Reguler Putri','2018',250000,'','','','','SDN Kali Gandu','','Mts Al-Mubarok','087881958711','Orang Tua','Amriadi','3604012605050024','Toman','1971-06-25 00:00:00','SLTA/Sederajat','Karyawan Swasta','9000000','Tita Juwita','Tasikmalaya','1977-04-12 00:00:00','','Wiraswasta','Link Cibandor 002/011 Kelurahan Kaligandu','Banten','087881958711','Amriadi','Toman','1971-06-25 00:00:00','SLTA/Sederajat','Karyawan Swasta','Ayah','087881958711','','','JR1','AN10','P','SLTA/Sederajat','Serang','Serang','Link Cibandor 002/011 Kelurahan Kaligandu','Serang','Serang','Banten','','','','Meisya Lisse F.A, SE','T'),('T1.1819.0040','2018-02-18 00:00:00','MTs','1819.1.0040','','','Farhan Abdillah Setiadi','Cilegon','2006-05-20 00:00:00','Perumahan Pesona Cilegon Blok C 3 No. 10 A Cilegon','Kertasana bojonegara','Serang','Banten','33','130','B','','2018-02-18 00:00:00','Reguler Putra','2018',250000,'','','','','SD IT tamaddun','','Mts Al-Mubarok','081906454466','orang tua','Agus Setiadi','3672051711070273','Cirebon','1977-07-10 00:00:00','STM','Wiraswasta','5000000','Dian anggraeni','Cilegon','1982-12-05 00:00:00','','Ibu Rumah Tangga','Perumahan Pesona Cilegon Blok C 3 No. 10 A Cilegon','Banten','081906454466','Agus Setiadi','Cirebon','1977-07-10 00:00:00','STM','Wiraswasta','Ayah','081906454466','','','JR1','','L','S 1','Kertasana','Serang','Perumahan Pesona Cilegon Blok C 3 No. 10 A Cilegon','Kertasana','Serang','Banten','','','','Sobihah, S.Pd.I','T'),('T1.1819.0041','2018-02-18 00:00:00','MTs','1819.1.0041','','','Hadi Sahlu Rizki','Serang','2006-04-29 00:00:00','Kp. Jongjing RT/RW 010/003 Desa Laban ','Tirtayasa','Serang','Banten','0','0','','','','Reguler Putra','2018',250000,'','','','','','','Mts Al-Mubarok','085946413952','','Dedi Mulyadi','36041931102070704','Tirtayasa','1980-09-06 00:00:00','Diploma IV/Strata 1','Wiraswasta','0','Holiyah','Tirtayasa','1982-10-03 00:00:00','','Guru','Kp. Jongjing RT/RW 010/003 Desa Laban ','Banten','085946413952','Dedi Mulyadi','Tirtayasa','1980-09-06 00:00:00','Diploma IV/Stra','Wiraswasta','Ayah','085946413952','','KLS2','JR1','','L','Diploma IV/Strata 1','Tirtayasa','Serang','Kp. Jongjing RT/RW 010/003 Desa Laban ','Tirtayasa','Serang','Banten','','','','Sobihah, S.Pd.I','T'),('T1.1819.0042','2018-02-19 00:00:00','MTs','1819.1.0042','','0071620683','Annisa Alifiyani ','Serang','2007-01-19 00:00:00','Kom.Taman Cimuncang Indah, Rt.06/05 Kel.Cimuncang','Serang','Serang','banten','60','152','B','','','Reguler Putri','2018',250000,'','','','','SDN Cimuncang','','MTS Al-Mubarok','081592507070/087814370088','Orang Tua','H,MUhamad Husen','3673010903120047','Serang','1960-06-14 00:00:00','SLTP','karyawan Swasta','5000000','Hj.neng Asmaiyah','Serang','1965-09-30 00:00:00','','Pengurus Rumah Tangga','Kom.Taman Cimuncang Indah, Rt.06/05 Kel.Cimuncang','Banten','081592507070/087814370088','Hj.neng Asmaiyah','Serang','1965-09-30 00:00:00','SLTA','Pengurus Rumah Tangga','Ibu','081592507070/087814370088','','','JR1','','P','SLTA','Serang','Serang','Kom.Taman Cimuncang Indah, Rt.06/05 Kel.Cimuncang','Serang','Serang','Banten','','','','Bety','T'),('T1.1819.0043','2018-02-19 00:00:00','MTs','1819.1.0043','','','Putri Awalia Azzahra','Serang','2006-03-04 00:00:00','Kapling Tegal Padang Rt.02/14 Kel.Drangong','Taktakan','Serang','Banten','0','0','','','','Reguler Putri','2018',250000,'','','','','SDN Drangong 2','','','081906106123/087774293917','Orang Tua','Ma\'ani','','Serang','1978-02-22 00:00:00','SLTA','Wiraswasta','3000000','Lies Handayani','Serang','1981-01-02 00:00:00','','Ibu Rumah Tangga','Kapling Tegal Padang Rt.02/14 Kel.Drangong','Banten','081906106123/087774293917','Lies Handayani','Serang','1981-01-02 00:00:00','SLTA','Ibu Rumah Tangga','Ibu','081906106123/087774293917','','','JR1','','P','SLTA','Taktakan','Serang','Kapling Tegal Padang Rt.02/14 Kel.Drangong','Taktakan','Serang','Banten','','','','Bety','T'),('T1.1819.0044','2018-02-21 00:00:00','MTs','1819.1.0044','','0088134043','Muhamad Andika Arifin','Brebes','2006-08-03 00:00:00','Slatria Utara RT/RW 002/004 Desa Slatri','Larangan','Brebes','Jawa Tengah','29','132','B','','','Reguler Putra','2018',250000,'','','','','SDN Kahal','','Mts Al-Mubarok','087771813561','Orang Tua','Wahyudi Arifin','3329152603120025','Brebes','1983-12-22 00:00:00','Tamat SD/Sederajat','Wiraswasta','4000000','Tuti Hidayah','Brebes','1985-12-10 00:00:00','','Wiraswasta','Slatria Utara RT/RW 002/004 Desa Slatri','Jawa Tengah','083813735130','Wahyudi Arifin','Brebes','1983-12-22 00:00:00','Tamat SD/Sedera','Wiraswasta','Ayah','083813735130/087771813561','','','JR1','AB2','L','Tamat SD/Sederajat','Larangan','Brebes','Slatria Utara RT/RW 002/004 Desa Slatri','Larangan','Brebes','Jawa Tengah','','','','Sobihah, S.Pd.I','T'),('T1.1819.0045','2018-02-22 00:00:00','MTs','1819.1.0045','','','Zahra Yuliana Widodo','Grobogan','2006-07-16 00:00:00','Kp.Sentul lio Rt.005/003  Kel Sentul','Keragilan','Serang','Banten','55','144','','','','Reguler Putri','2018',250000,'','','','','SDN Sentul 4','','Mts AL-Mubarok','081384392007/081398114427','Orang Tua','WIdodo','304111202072050','Karang Anyar','1978-05-04 00:00:00','SLTA','Karyawan Sawasta','7000000','Sri Kadaryati','Grobogan','1984-06-13 00:00:00','','Ibu Rumah Tangga','Kp.Sentul lio Rt.005/003  Kel Sentul','Banten','081384392007/081398114427','Sri Kadaryati','Grobogan','1984-06-13 00:00:00','SLTA','Ibu Rumah Tangga','Ibu','081384392007/081398114427','','KLS1','JR1','','P','SLTA','Keragilan','Serang','Kp.Sentul lio Rt.005/003  Kel Sentul','Keragilan','Serang','Banten','','','','Meisya Lisse F.A, SE','T'),('T1.1819.0046','2018-02-22 00:00:00','MTs','1819.1.0046','','','Akmal Setia Wijaya','CILEGON','2006-08-20 00:00:00','Link.Gudang RT/RW 002/003','Jombang','Cilegon','Banten','45','146','AB','','','Reguler Putra','2018',250000,'','','','','SDN 6 CILEGON','','Mts Al-Mubarok','087808334058/087774028183','Ibu','Surya Sumantri','','Pandeglang','1968-06-06 00:00:00','STM','Wiraswasta','2700000','Setiawati','Serang','1967-04-20 00:00:00','','PNS','Link.Gudang RT/RW 002/003','Banten','087808334058/087774028183','Setiawati','Serang','1967-04-20 00:00:00','SMA','PNS','Ibu Kandung','087808334058/087774028183','','','JR1','','L','SMA','Jombang','Cilegon','Link.Gudang RT/RW 002/003','Jombang','Cilegon','Banten','','','','Meisya Lisse F.A, SE','T'),('T1.1819.0047','2018-03-01 00:00:00','MTs','1819.1.0047','','','Muhammad Aril Krisna','Pandeglang','2005-07-31 00:00:00','Kp. Sawah Menes RT/RW 004/001 Desa Menes','Menes','Pandeglang','Banten','55','150','AB','','','Reguler Putra','2018',250000,'','','','','SDN Purwaraja 1','','Mts Al-Mubarok','083877062487','Orang Tua','Ujang Darus Kuswanto','3601130701082341','Ciamis','1966-08-04 00:00:00','SLTA/Sederajat','Wiraswasta','5000000','Mimih Suhermih','Pandeglang','1974-06-01 00:00:00','','Pegawai Negeri Sipil (PNS)','Kp. Sawah Menes RT/RW 004/001 Desa Menes','Banten','083895838643','Ujang Darus Kuswanto','Ciamis','1966-08-04 00:00:00','SLTA/Sederajat','Wiraswasta','Ayah','083895838643','','KLS2','JR1','AB2','L','SLTP/Sederajat','Menes','Pandeglang','Kp. Sawah Menes RT/RW 004/001 Desa Menes','Menes','Pandeglang','Banten','','','','Meisya Lisse F.A, SE','T'),('T1.1819.0048','2018-03-04 00:00:00','MTs','1819.1.0048','','0059773864','Siti Nur Sholehah','Serang','2005-12-04 00:00:00','Kp.Pabuaran Rt.005/001Kel Tambak','Kibin','Serang','Banten','29','139','A+','','','Reguler Putri','2018',250000,'','','','','SDN Cijeruk Teambak','','MTS Al Mubarok','089684802163/','Orang Tua','Nursaleh','3604162712100001','Serang','','SMP','-','4000000','Atini','Serang','1983-07-11 00:00:00','','Wira Usaha','Kp.Pabuaran Rt.005/001Kel Tambak','Banten','089684802163/','Atini','Serang','1983-07-11 00:00:00','Tamat SD/ Seder','Wira Usaha','Ibu Kandung','089684802163/','','KLS1','JR1','','P','Tamat SD/ Sederajat','Kibin','Serang','Kp.Pabuaran Rt.005/001Kel Tambak','Kibin','Serang','Banten','','','','Sobihah, S.Pd.I','T'),('T1.1819.0049','2018-03-04 00:00:00','MTs','1819.1.0049','','','Charissa Ratu Aisya','Djakarta','2005-11-08 00:00:00','Kp.Waluran Rt.01/01 Kel.Anyer','Anyer','Serang','Banten','35','142','','','','Reguler Putri','2018',250000,'','','','','SDN Anyer 4','','','081911123322/087875347333','Orang Tua','Abdul Muiz,ST','','Serang','1974-06-23 00:00:00','S1','WiraSwasta','6000000','Andraria Sinayangsih,ST','Jakarta','1976-12-18 00:00:00','','Ibu Rumah Tangga','Kp.Waluran Rt.01/01 Kel.Anyer','Banten','081911123322/087875347333','Abdul Muiz,ST','Serang','1974-06-23 00:00:00','S1','WiraSwasta','Ayah Kandung','081911123322/087875347333','','','JR1','','P','S1','Anyer','Serang','Kp.Waluran Rt.01/01 Kel.Anyer','Anyer','Serang','banten','','','','Sobihah, S.Pd.I','T'),('T1.1819.0050','2018-03-05 00:00:00','MTs','1819.1.0050','','','Achmad Hidayat ','Serang','2006-05-11 00:00:00','Permata Safira Regency Block D9/27','Taktakan','Serang','Banten','30','141','','','','Reguler Putra','2018',250000,'','','','','SDN Sepang','','Mts Al-Mubarok','087809304577','Orang Tua','Ahmad Hasani','','Cilegon','1978-07-16 00:00:00','SMA','Karyawan Swasta','3500000','Heriyah','Serang','1978-09-11 00:00:00','','Ibu Rumah Tangga','Permata Safira Regency Block D9/27','Banten','085945608761','Ahmad Hasani','Cilegon','1978-07-16 00:00:00','SMA','Karyawan Swasta','Ayah',' 087809304577 / 085945608','','KLS1','JR1','','L','SMA','Taktakan','Serang','Permata Safira Regency Block D9/27','Taktakan','Serang','Banten','','','','Meisya Lisse F.A, SE','T'),('T1.1819.0051','2018-03-06 00:00:00','MTs','1819.1.0051','','0066139713','Widia Nengsih','Serang','2006-10-13 00:00:00','Kp.Nagara Rt/Rw 09/02','Kibin','Serang','Banten','35','145','','','','Reguler Putri','2018',250000,'','','','','','','MTs Al Mubarok','087772604160','Orang Tua','Wahyudin','3604161102073587','Serang','1983-02-16 00:00:00','SMP','Wiraswasta','5000000','Kartinawati','Serang','1981-08-06 00:00:00','','Ibu Rumah Tangga','Kp.Nagara','Banten','08158716412','Rika Malia','Serang','1998-05-06 00:00:00','SMA','Mahasiswa','Bibi','083812341347','','','JR1','','P','SMP','Kibin','Serang','Kp.Ciroke Rt/Rw 04/01','Kibin ','Serang','Banten','','','','Sobihah, S.Pd.I','T'),('T1.1819.0052','2018-03-06 00:00:00','MTs','1819.1.0052','','0063734908','Rina Suherman','Serang','2006-05-05 00:00:00','Kp.Ciroke Rt/Rw 04/01','Kibin','Serang','Banten','47','143','','','','Reguler Putri','2018',250000,'','','','','SDN Cijeruk','','Mts Al Mubarok','081911165244','Orang Tua','Hj.Kemi Suherman','3604161909140003','Serang','1975-06-18 00:00:00','SD','Wiraswasta','5000000','Siti Maryam','Serang','1978-06-15 00:00:00','','Wiraswasta','Kp.Ciroke Rt/Rw 04/01','Banten','081911165244','Rika Malia','Serang','1998-05-06 00:00:00','SMA','Mahasiswa','Teteh','083812341347','','','JR1','','P','SD','Kibin','Serang','Kp.Ciroke Rt/Rw 04/01','Kibin','Serang','Banten','','','','Sobihah, S.Pd.I','T'),('T1.1819.0053','2018-03-08 00:00:00','MTs','1819.1.0053','','20605591','Dani Setiawan','Serang','2006-09-24 00:00:00','komp.banjarsari permai D1/03','cipocok jaya','kota serang ','Banten','35','141','','','','Reguler Putra','2018',250000,'','','','','SDN BANJARSARI 2','','Mts  al-mubarok','087871821130','Orang Tua','Maryanto','3673051209110002','KEBUMEN','1981-05-01 00:00:00','SLTA','Wiraswasta ','6000000','Listiyawati','jakarta','1988-05-23 00:00:00','','ibu rumah tangga','komp.banjarsari permai D1/03','Banten','087871821130','Maryanto','KEBUMEN','1981-05-01 00:00:00','SLTA','Wiraswasta ','Orang Tua','087871821130','','','JR1','AB3','L','SLTA','cipocok jaya','kota serang ','komp.banjarsari permai D1/03','cipocok jaya','kota serang ','Banten','','','','Meisya Lisse F.A, SE','T'),('T1.1819.0054','2018-03-10 00:00:00','MTs','1819.1.0054','','0057422275','Lani','Serang','2005-07-01 00:00:00','Kp.Cilebak Rt/Rw 04/02 Desa Tamiang','Gunung Sari','Serang','Banten','34','133','','','','Reguler Putra','2018',250000,'','','','','SDN Pasir Buah','','MTS Al Mubarok','083127263763','Orang Tua','Supendi','3604331102071689','Serang','1964-08-12 00:00:00','SD','Petani','500000','Sofiah','Serang','1990-08-14 00:00:00','','Ibu Rumah Tangga','Kp.Cilebak Rt/Rw 04/02 Desa Tamiang','Banten','083127263763','Rifai Fauzan','Serang','1991-05-10 00:00:00','Kuliah','Mahasiswa','Kakak','087715919166','','KLS1','JR1','AB3','L','SD','Gunung Sari','Serang','Kp.Cilebak Rt/Rw 04/02 Desa Tamiang','Gunung Sari','Serang','Banten','','','','Bety','T'),('T1.1819.0055','2018-03-11 00:00:00','MTs','1819.1.0055','','0062468545	','Ridho Prambudi','Serang','2006-01-16 00:00:00','Komp.Bumi Agung Permai 2 Blok D30 No 04','Serang','Serang','Banten','40','145','','','','Reguler Putra','2018',250000,'','','','','SD Negeri Secang','','MTS Al Mubarok','081384461045/081310092574','Orang Tua','Pitarno','','Jember','1969-05-17 00:00:00','SMA','Karyawan Swasta','5000000','Mihnati Rahayu','Jember','1975-07-11 00:00:00','','Ibu Rumah Tangga','Komp.Bumi Agung Permai 2 Blok D30 No 04','Banten','081384461045/081310092574','Dia Alisa Putri','Serang','2001-09-27 00:00:00','SMA','','Teteh','089514245906','','KLS1','JR1','AB3','L','SMP','Serang ','Serang','Komp.Bumi Agung Permai 2 Blok D30 No 04','Serang','Serang','Banten','','','','Sobihah, S.Pd.I','T'),('T1.1819.0056','2018-03-11 00:00:00','MTs','1819.1.0056','','','M. Nashirudin Faza','Serang','2006-05-16 00:00:00','Puri Citra Blok A5 No 01 Pipitan Serang','Walantaka','Serang','Banten','32','139','O','','','Reguler Putra','2018',250000,'','','','','SD Negeri Pipitan','','MTS Al Mubarok','091285948437','Orang Tua','M.Sail','','Kediri','1971-05-05 00:00:00','STM','Karyawan','3500000','Muharyati','Kebumen','1979-11-23 00:00:00','','Ibu Rumah Tangga ','Puri Citra Blok A5 No 01 Pipitan Serang','Banten','091285948437','M.Syahrul Mubarok','Kebumen','2000-11-30 00:00:00','SMK','','Kakak','081319975106','','KLS2','JR1','AB3','L','SMP','Walantaka','Serang','Puri Citra Blok A5 No 01 Pipitan Serang','Walantaka','Serang','Banten','','','','Sobihah, S.Pd.I','T'),('T1.1819.0057','2018-03-11 00:00:00','MTs','1819.1.0057','','0061559131','Rahmatullah Agustianto','Serang','2005-08-18 00:00:00','Cipare Ranjeng Jaya No 21 RT/RW 02/06','Serang','Serang','Banten','50','159','A','','','Reguler Putra','2018',250000,'','','','','SD YPKS 2-3','','MTS A l Mubarok','087808330707/087772590914','Orang Tua','Sriyanto','','Purworejo','1961-03-13 00:00:00','SMK','Pensiun KS','2100000','Neni Sutini','Serang','1966-03-06 00:00:00','','Ibu Rumah Tangga','Cipare Ranjeng Jaya No 21 RT/RW 02/06','Banten','087808330707/087772590914','Teguh Wibowo','Purworejo','1988-04-29 00:00:00','D3','KPCC Posco','Kakak','089686389761','','','JR1','AB1','L','SMK','Serang','Serang','Cipare Ranjeng Jaya No 21 RT/RW 02/06','Serang','Serang','Banten','','','','Sobihah, S.Pd.I','T'),('T1.1819.0058','2018-03-11 00:00:00','MTs','1819.1.0058','','','Aprilia Likita','Serang','2007-04-26 00:00:00','Jl.Lipatik Kamp.Simangu Rt.004/002','Walantaka','Serang','Banten','25','142','','','','Reguler Putri','2018',250000,'','','','','SDN Simangu','','','08170859220/085959252003','Orang tua','Sarmidi','','Yogyakarta','1959-12-07 00:00:00','SMA','Pensiunan','2500000','Susi Jati (Alm)','yogya Karta','1964-06-19 00:00:00','','ALM','Jl.Dipatik Kamp.Simangu Rt.004/002','Banten','08170859220/085959252003','Budi Buraini','Purworejo','1965-07-14 00:00:00','S!','Pegawai Negri Sipil','Ibu','08170859220/085959252003','','','JR1','','P','SmA','Walantaka','Serang','Jl.Dipatik Kamp.Simangu Rt.004/002','Walantaka','Serang','Banten','','','','Sobihah, S.Pd.I','T'),('T1.1819.0059','2018-03-13 00:00:00','MTs','1819.1.0059','','','Rafi Fauzan Taqiyudin','pandeglang','2006-07-23 00:00:00','Kp.Batu Jaya Rt.002/003 Ciinjuk','Cadasari','Pandeglang','Banten','28','126','','','','Reguler Putra','2018',250000,'','','','','SDN Ciinjuk2','','','082123251292/087808188831','Orang Tua','Rahmat Sulaeman','3601220801081753','Bandung','1959-03-06 00:00:00','S1','Pensinunan','4000000','Nyi Nurhaesih','Pandeglang','1967-04-11 00:00:00','','Pegawai Negri Sipil','Kp.Batu Jaya Rt.002/003 Ciinjuk','Banten','082123251292/087808188831','Nida Ulfathiya','Pandeglang','1995-02-03 00:00:00','S1','TKS PU','KAKA','082123251292/087808188831','','KLS2','JR1','','L','S1','Cadasari','Pandeglang','Komp.RS Pemda Cipcok ','Serang','Serang','Banten','','','','Meisya Lisse F.A, SE','T'),('T1.1819.0060','2018-03-15 00:00:00','MTs','1819.1.0060','','','Sukma Rahmania','Cilegon','2006-06-23 00:00:00','Link. Kubang Laban Rt 01 Rw 02 Kel. Panggung Rawi','Jombang','Cilegon','Banten','54','155','B','','','Reguler Putri','2018',250000,'','','','','SD IT Insan Tama','','Mts Al-Mubarok','087771217774/087771739396','Orang Tua','Subhi','','Cilegon','1981-04-29 00:00:00','S1','Wiraswasta','10000000','Atiyah','Serang','1980-01-14 00:00:00','','Ibu Rumah Tangga','Link. Kubang Laban Rt 01 Rw 02 Kel. Panggung Rawi','Banten','087771217774/087771739396','Subhi','Cilegon','1981-04-29 00:00:00','S1','Wiraswasta','Ayah','087771217774/087771739396','','','JR1','','P','S1','Jombang','Cilegon','Link. Kubang Laban Rt 01 Rw 02 Kel. Panggung Rawi','Jombang','Cilegon','Banten','','','','Meisya Lisse F.A, SE','T'),('T1.1819.0061','2018-03-18 00:00:00','MTs','1819.1.0061','','','M. Rukyat Humaini','Serang','2006-04-17 00:00:00','Jl. KH SOKHARI No 16','Serang','Serang','Banten','30','143','A','','','Reguler Putra','2018',250000,'','','','','SDN Ciceri Indah','','Mts Al-Mubarok','087773867299','Orang tua','H.A . Humaini','','Serang','1983-03-05 00:00:00','SMA','Wiraswasta','5000000','Rhike Nurhaida','Serang','1984-09-06 00:00:00','','PNS','Jl. KH Sokhari No 16 002/003 Sumur Pecung','Banten','081905031983','H. A. Humaini','Serang','1984-03-05 00:00:00','SMA','Wiraswasta','Ayah','','','KLS5','JR1','AB2','L','S1','Serang','serang','Jl. KH Sokhari No 16 002/003 Sumur Pecung','Sumur Pecung','Serang','Banten ','','','','Sobihah, S.Pd.I','T'),('T1.1819.0062','2018-03-19 00:00:00','MTs','1819.1.0062','','','Inayah','Serang','2006-01-02 00:00:00','Kp. Beberan RT/RW 002/001 Kel. Beberan ','Ciruas','Serang','Banten','40','147','','','','Reguler Putri','2018',250000,'','','','','SDN Beberan 2','','MTs Al-Mubarok','085213903771/085881002732','Orang Tua','Subari','','Serang','1978-02-18 00:00:00','SMP','Wiraswasta','5000000','Nuraeni','Serang','1983-07-12 00:00:00','','Ibu Rumah Tangga','Kp. Beberan RT/RW 002/001 Kel. Beberan ','Banten','085213903771/085881002732','Putri Aulia Pratama','Serang','','SMA','Ibu Rumah Tangga','Sepupu','083812730612','','KLS1','JR1','','P','SMP','Ciruas','Serang','Kp. Beberan RT/RW 002/001 Kel. Beberan ','Ciruas','Serang','Banten','','','','Bety','T'),('T1.1819.0063','2018-02-20 00:00:00','MTs','1819.1.0063','','','Muhamad Rohmatullah','','','','','','','0','0','','','','Reguler Putra','2018',250000,'','','','','','','','','','','','','','','','0','','','','','','','','','','','','','','','','','','','','L','','','','','','','','','','','admin','T'),('T1.1819.0064','2018-04-01 00:00:00','MTs','1819.1.0064','','','Mochamad Zacky Ilham Halim','Serang','2005-11-05 00:00:00','Perum BCK Block B07/26 Rt.002/011 Kel.Cibeber','Cibeber','Cilegon','Banten','39','142','B','','','Reguler Putra','2018',250000,'','','','','SDN cibeber 3','','','085921527050/087809206618','Orang Tua','Agus Iriawan ','3672011409090032','Pasuruan ','1964-11-18 00:00:00','SLTA','PNS','4000000','Babay Sutihat','Serang','1969-06-01 00:00:00','','Pengurus Rumah Tangga','Perum BCK Block B07/26 Rt.002/011 Kel.Cibeber','Banten','085921527050/087809206618','','','','','','','085921527050/087809206618','','KLS1','JR1','','L','SLTA','Cibeber','Cilegon','Perum BCK Block B07/26 Rt.002/011 Kel.Cibeber','Cibeber','Cilegon','Banten','','','','Sobihah, S.Pd.I','T'),('T1.1819.0065','2018-04-01 00:00:00','MTs','1819.1.0065','','','Handre Emilulfatah','Cllegon','2005-09-24 00:00:00','Perum BCK Blok B7/02 Rt.002/11','Cibeber','Cilegon','Banten','30','146','A+','','','Reguler Putra','2018',250000,'','','','','SDN 1 Cilegon ','','','087772873515/087771725078','Orang Tua','Hendra Rustiyano','3672012612070028','Bandung','1978-02-24 00:00:00','SLTA','Kariwan Swasta','4000000','Encah Masruroh','Serang','1977-07-16 00:00:00','','KAryawan Swasta','Perum BCK Blok B7/02 Rt.002/11','Banten','087772873515/087771725078','Hendra Rustiyano','Bandung','1978-02-24 00:00:00','SLTA','Kariwan Swasta','Ayah','087772873515/087771725078','','','JR1','','L','SLTA','Cibeber','Cilegon','Perum BCK Blok B7/02 Rt.002/11','Cibeber','Cilegon','Banten','','','','Sobihah, S.Pd.I','T'),('T1.1819.0066','2018-04-01 00:00:00','MTs','1819.1.0066','','','Choirul Annam','Cilegon','2006-07-31 00:00:00','Link Sukamaju Mekarsari','Pulo Merak','Cilegon','Banten','25','137','A','','','Reguler Putra','2018',250000,'','','','','SDN Sukajadi','','Mts Al-Mubarok','08170015090/082246741695','Orangtua','Ali Sidik','3672030312070611','Indramayu','1962-04-08 00:00:00','SD','Wiraswasta','3000000','Nuriyah','INDRAMAYU','1968-06-02 00:00:00','','IRT','Link sukamaju 006/006','Banten','08170015090/082246741695','Ali Sidik','Indramayu','1962-04-08 00:00:00','SD','Wiraswasta','Bapak','08170015090/082246741695','','KLS5','JR1','','L','SD','Pulo Merak','Cilegon','Link sukamaju 006/006','Pulo Merak','Cilegon','Banten','','','','Sobihah, S.Pd.I','T'),('T1.1819.0067','2018-04-01 00:00:00','MTs','1819.1.0067','','','Mutiara Fiqhus Shera','Cilegon','2000-06-12 00:00:00','Griya Praja Mandiri Blok E 2 No 04','Cibeber ','Cibeber','Banten','30','140','O','','','Reguler Putri','2018',250000,'','','','','SDN Cibeber 3','','','087871266917/08176597117','Orang tua','Samsul Bahri','3672011908100003','Pandeglang','1971-10-17 00:00:00','S1','PNS','35000000','Tanti Herawati','Bandung','1975-05-21 00:00:00','','IRT','Griya Praja Mandiri Blok E 2  No 4','Banten','087871266917/08176597117','Samsul Bahri ','Pandeglang','1971-10-17 00:00:00','S1','PNS','Ayah','087871266917/08176597117','','','','','P','D3','Cibeber','Cibeber','Griya Praja Mandiri Blok E 2  No 4','Cibeber','Cilegon','Banten','','','','Sobihah, S.Pd.I','T'),('T1.1819.0068','2018-04-01 00:00:00','MTs','1819.1.0068','','','Dera Jaida Dzahabiyyah','Serang','2005-08-06 00:00:00','Kp.Gunung Kencana Rt.013/022','Ciomas ','Serang','Banten','45','144','-','','','Reguler Putri','2018',250000,'','','','','SDN Ujung Tebu 1 Ciomas','','','Kp.Gunung Kencana Rt.013/','Orang tua','Jeje Jaenudin','3604272408040001','Bandung','1959-11-06 00:00:00','Diploma IV','Pegawai Negri Sipil','5900000','Hj.Pudlah','Serang','1968-12-08 00:00:00','','Pengurus Rumah Tangga','Kp.Gunung Kencana Rt.013/022','Banten','08561282278/085781160167','Jeje Jaenudin','Bandung','1959-11-06 00:00:00','Pegawai Negri S','Pegawai Negri Sipil','Ayah','08561282278/085781160167','','','JR1','','P','SD','Ciomas ','Serang','Kp.Gunung Kencana Rt.013/022','Ciomas ','Serang','Banten','','','','Sobihah, S.Pd.I','T'),('T1.1819.0069','2018-04-01 00:00:00','MTs','1819.1.0069','','','Falsafa Athenea','Cilegon','2006-08-14 00:00:00','link.baru mekar sari merak','Pulo merak','Cilegon','Banten','37','135','o','','','Reguler Putri','2018',250000,'','','','','SDN suka jadi polo merak','','MTs al-mubarok','0811126454/087771294548','Orang Tua','Ubaidillah','','serang','1980-09-11 00:00:00','S1','Wiraswasra ','10000000','ani khairunisa ','seran','1898-04-02 00:00:00','','ibu rumah tangga','link.baru mekar sari merak','Banten','0811126454/087771294548','Ubaidillah','serang','1980-09-11 00:00:00','S1','Wiraswasra ','orang tua','0811126454/087771294548','','','','','P','D3','Pulo merak','Cilegon','link.baru mekar sari merak','Pulo merak','Cilegon','Banten','','','','Meisya Lisse F.A, SE','T'),('T1.1819.0070','2018-04-01 00:00:00','MTs','1819.1.0070','','','Dini Afri Mauliyanah','Serang','2006-04-11 00:00:00','Kp. Sumurwuluh 009/003','Pulo Ampel','Serang','Banten','30','134','','','','Reguler Putri','2018',250000,'','','','','SDN Sumurwuluh ','','MTs Al-Mubarok','087808997856/085929873257','Orangtua','Bahrudin','3604080302100001','Serang','1968-11-06 00:00:00','SLTP','Wiraswasta','5000000','Sutihat','Serang','1971-01-06 00:00:00','','IRT','Kp. Sumurwuluh 009/003','Banten','087808997856/085929873257','Bahrudin','Serang','1968-11-06 00:00:00','SLTP','Wiraswasta','bapak','087808997856/085929873257','','','','','P','SLTP','Pulo Ampel','Serang','Kp. Sumurwuluh 009/003','Pulo Ampel','serang','Banten','','','','Meisya Lisse F.A, SE','T'),('T1.1819.0071','2018-04-02 00:00:00','MTs','1819.1.0071','','0062194830','Muhammad Imam Fadli','Serang','2006-01-22 00:00:00','Perum.Mandala Citra blok F11 No 11','Serang','Serang','Banten','37','144','B','','','Reguler Putra','2018',250000,'','','','','SDN Rau','','MTS Al Mubarok','0817779994/081375677888','Orang Tua ','Ami Zamzami','','Serang','1970-05-17 00:00:00','SMA','Wiraswasta','5000000','Yayah Sunaliah','Serang','1972-09-14 00:00:00','','Ibu Rumah Tangga','Perum.Mandala Citra blok F11 No 11','Banten','0817779994/081375677888','Miya','Serang','1994-10-04 00:00:00','SMA','Mahasiswa','Kakak','085939663606','','','JR1','','L','SMA','Serang','Serang','Perum.Mandala Citra blok F11 No 11','Serang','Serang','Banten','','','','Meisya Lisse F.A, SE','T'),('T1.1819.0072','2018-04-02 00:00:00','MTs','1819.1.0072','','0062748571','Nazwa Amelia Putri','Serang','2006-02-17 00:00:00','Kp.petung Desa Sentul RT/RW 016/02','Kragilan','Serang','Banten','42','144','','','','Reguler Putri','2018',250000,'','','','','SDN Sentul 3','','MTS Al Mubarok','085219981636/087772710844','Orang Tua','Jahwadi','','Serang','1987-02-22 00:00:00','SMP','Wiraswasta','3000000','Wiwin Nurmila','Serang','1986-10-19 00:00:00','','Ibu Rumah Tangga','Kp.petung Desa Sentul RT/RW 016/02','Banten','085219981636/087772710844','Mardiah','Kulonprogo','1981-04-19 00:00:00','SMK','Ibu Rumah Tangga','Bibi','085213258901','','','JR1','','P','SMA','Kragilan ','Serang','Kp.petung Desa Sentul RT/RW 016/02','Kragilan','Serang','Banten','','','','Meisya Lisse F.A, SE','T'),('T1.1819.0073','2018-04-02 00:00:00','MTs','1819.1.0073','','0068335440','Rafly Arfiansyah','Serang','2006-03-24 00:00:00',' JL.Kemang Pusri Ciloang RT/RW 01/09','Serang','Serang','Banten','60','157','B','','','Reguler Putra','2018',250000,'','','','','SDN 21','','MTS Al Mubarok','085966446155/087871306800','Orang Tua','Ardi Sofyan','3604010506070003','Serang','1981-05-25 00:00:00','SMA','Wiraswasta','8000000','Sufinah','Serang','1983-12-28 00:00:00','','Ibu Rumah Tangga',' JL.Kemang Pusri Ciloang RT/RW 01/09','Banten','085966446155/087871306800','Nawawi','Serang','1975-03-02 00:00:00','SMA ','Wiraswasta','Paman','085946096896','','KLS2','JR1','','L','SD','Serang','Serang',' JL.Kemang Pusri Ciloang RT/RW 01/09','Serang','Serang','Banten','','','','Meisya Lisse F.A, SE','T'),('T1.1819.0074','2018-04-03 00:00:00','MTs','1819.1.0074','','0055946646','Achmad Faiman','serang','2005-08-07 00:00:00','Link Cilampang 001/007','Serang','serang','Banten','40','150','','','','Reguler Putra','2018',250000,'','','','','SDN Secang','','MTs Al-Mubarok','081906295007/087771085451','Orang Tua','Andi','3604010608040160','Serang','1983-10-07 00:00:00','SD','Buruh','600000','Jumharoh','Serang','1985-01-11 00:00:00','','Ibu Rumah Tangga','Link Cilampang 001/007','Banten','081906295007/087771085451','M.Hajiji','Serang','1975-12-25 00:00:00','SLTA','Wiraswasta','Paman','087771085451','','KLS5','JR1','','L','SMP','Serang','Serang','Cimuncang Sukasari','Serang','Serang','Banten','','','','Sobihah, S.Pd.I','T'),('T1.1819.0075','2018-04-04 00:00:00','MTs','1819.1.0075','','0066069788','Muhammad Irgi Alghifari','Cilegon','2006-03-15 00:00:00','Link. Sukajaya ','Pulo Merak','Cilegon','Banten','0','0','','','','Reguler Putra','2018',250000,'','','','','','','','081911154301','Orang Tua','Ahmad Ardi','','Serang','1980-08-17 00:00:00','S1','PNS','5000000','Hayati Nufus','Serang, ','1983-06-03 00:00:00','','Ibu Rumah Tangga','Link. Sukajaya','Banten','081911154301','','','','','','','','','KLS2','','','L','S 1','Pulo Merak','Cilegon','','','','','','','','Meisya Lisse F.A, SE','T'),('T1.1819.0076','2018-04-07 00:00:00','MTs','1819.1.0076','','','Maulana Yusuf','','','','','','','0','0','','','','Reguler Putra','2018',250000,'','','','','','','','','','','','','','','','0','','','','','','','','','','','','','','','','','KLS2','','','L','','','','','','','','','','','Meisya Lisse F.A, SE','T'),('T1.1819.0077','2018-04-08 00:00:00','MTs','1819.1.0077','','','Lailatunnaja','Serang','2006-03-08 00:00:00','KP. baru pasar RT. 002 RW. 003','Kragilan','Serang','Banten','42','147','','','2018-04-15 00:00:00','Reguler Putri','2018',250000,'','','','','SD N Kragilan 2','','MTs. Al Mubarok','082311958110 / 0822105206','Orang tua','Lukman Hakim','3604111711090016','Serang','1984-06-14 00:00:00','SLTA','Wiraswasta','5000000','Asriyah','Serang','1985-05-25 00:00:00','','Ibu Rumah Tangga','KP. baru pasar RT. 002 RW. 003','Banten','082311958110 / 082210520658','','','','','','','','','','','','P','SLTP','Kragilan','Serang','','','','','','','','Bety','T'),('T1.1819.0078','2018-04-12 00:00:00','MTs','1819.1.0078','','','Daffa Aqila AL - Ghifari','Kuningan','2005-10-08 00:00:00','perum persada Banten Blok G4  no 08 Teritih','Walantaka','Serang','Banten','40','159','B','','','Reguler Putra','2018',250000,'','','','','SDIT Laroyba','','Mts Al-Mubarok','081384300127 / 0896620511','orangtua','Siswanto','3604100907080004','Pati','1982-09-26 00:00:00','SLTA','Karyawan swasta','7000000','Dini Yulianti','Majalengka','1983-06-30 00:00:00','','IRT','perum persada Banten Blok G4  no 08 Teritih','Banten','081384300127 / 08966205114','Siswanto','Pati','2198-09-26 00:00:00','SLTA','Karyawan swasta','bapak','081384300127 / 0896620511','','','','','L','SLTA','Walantaka','Serang','perum persada Banten Blok G4  no 08 Teritih','Walantaka','Serang','Banten','','','','Meisya Lisse F.A, SE','T'),('T1.1819.0079','2018-04-12 00:00:00','MTs','1819.1.0079','','','Abdullah Zaki','BEKASI','2006-04-28 00:00:00','PERUM PERSADA BLOK G11/05','WALANTAKA','KOTA SERANG','BANTEN','0','147','','','2018-04-12 00:00:00','Reguler Putra','2018',250000,'','','','','SDN CIRUAS III','','MTS AL-MUBAROK','081210616208/081282065446','ORANG TUA','Amir','3604101206080002','Pandeglang','1976-06-01 00:00:00','SMA','Karyawan Swasta','7000000','NARWATI','BEKASI','1984-07-11 00:00:00','','IBU RUMAH TANGGA','PERUM PERSADA BLOK G11/05','BANTEN','081210616208/081282065446','Amir','Pandeglang','1976-06-01 00:00:00','SMA','Karyawan Swasta','','081210616208/081282065446','','KLS1','JR1','','L','SLTP','WALANTAKA','KOTA SERANG','PERUM PERSADA BLOK G11/05','WALANTAKA','KOTA SERANG','BANTEN','','','','Bety','T'),('T1.1819.0080','2018-04-13 00:00:00','MTs','1819.1.0080','','','Sahrul Budiman','Cilegon','2005-05-10 00:00:00','Link. Medaksa Sebrang RT/RW 004/006','Pulomerak','Cilegon','Banten','0','144','','','','Reguler Putra','2018',250000,'','','','','SDN Taman Sari 3','','MTs Al-Mubarok','081808140274/081282766225','Orang Tua','Bonari','3672030212070028','Serang','1972-07-03 00:00:00','SMP','Nelayan','3000000','Eli','Indramayu','1980-02-12 00:00:00','','Ibu Rumah Tangga','Link. Medaksa Sebrang RT/RW 004/006','Banten','081808140274/081282766225','Jumari','Semarang','1964-04-27 00:00:00','SMK','Karyawan Swasta','Uwa','082111441467','','','JR1','','L','SMP','Pulomerak','Cilegon','Link. Medaksa Sebrang RT/RW 004/006','Pulomerak','Cilegon','Banten','','','','Meisya Lisse F.A, SE','T'),('T1.1819.0081','2018-04-13 00:00:00','MTs','1819.1.0081','','0062127164','Aldi Yono','Cilegon','2006-04-06 00:00:00','Link Medasa Sebrang RT 04/05 Kel. Tamansari','Pulo Merak','Cilegon','Banten','30','140','','','','Reguler Putra','2018',250000,'','','','','SDN Taman Sari 3','','MTs Al-Mubarok','081808140274/081282766225','Orang Tua','Ali Rusdin','3672030212070717','Makasar','1958-07-12 00:00:00','SMA','Wiraswasta','3000000','Hesti','Lampung','1968-05-04 00:00:00','','Ibu Rumah Tangga','Link Medasa Sebrang RT 04/05 Kel. Tamansari','Banten','081808140274/081282766225','Fitri Anggraeni','Lampung','1996-02-25 00:00:00','SMK','ibu Rumah Tangga','Kakak Kandung','083812176432','','KLS1','JR1','','L','SMP','Pulo Merak','Cilegon','Link Medasa Sebrang RT 04/05 Kel. Tamansari','Pulo Merak','Cilegon','Banten','','','','Meisya Lisse F.A, SE','T'),('T1.1819.0082','2018-04-13 00:00:00','MTs','1819.1.0082','','','Rifky Alif Ramadhan','Cilegon','2005-10-22 00:00:00','Komp. PGRI TIMUR Rt 003 Rw 007 no. 13','Jombang kelurahan Masigit','Cilegon','Banten','30','0','','','2018-04-13 00:00:00','Reguler Putra','2018',250000,'','','','','SD N 9 Cilegon','','MTs Al Mubarok','081298009211 / 0878711897','Orang Tua','Achmad Subandi ','3672052812070031','Cilegon','1978-02-12 00:00:00','SLTA','Karyawan swasta','3600000','Restu Masruri','Banyumas','1985-04-06 00:00:00','','Ibu Rumah Tangga','Komp. PGRI TIMUR Rt 003 Rw 007 no. 13','Banten','081298009211 / 087871189759','','','','','','','','','','','','L','SLTA','Jombang kelurahan Masigit','Cilegon','','','','','','','','Meisya Lisse F.A, SE','T'),('T1.1819.0083','2018-04-14 00:00:00','MTs','1819.1.0083','','0065735718','Zahra Zaqia','Serang','2006-09-02 00:00:00','Sempu Seroja RT/RW 005/015 Desa Cipare ','Serang','Serang','Banten','33','147','','','','Reguler Putri','2018',250000,'','','','','SDN Sempu 1','','MTs Al-Mubarok','082113451545/087875342196','Orang Tua','Agus Sryanto','','Serang','1975-08-01 00:00:00','SMA','Karyawan BUMN','8000000','Kamsinah','Serang','1975-07-21 00:00:00','','Ibu Rumah Tangga','Sempu Seroja RT/RW 005/015 Desa Cipare ','Banten','082113451545/087875342196','Kholisah','','','','','Bibi','087808001576','','','JR1','AN1','P','SMA','Serang','Serang','Sempu Seroja RT/RW 005/015 Desa Cipare ','Serang','Serang','Banten','','','','Meisya Lisse F.A, SE','T'),('T1.1819.0084','2018-04-14 00:00:00','MTs','1819.1.0084','','','Ilham Maulana','Serang','2005-12-26 00:00:00','Link. Nancang Wetan RT/RW 004/004 Desa Karundang','Cipocok','Serang','Banten','0','150','','','','Reguler Putra','2018',250000,'','','','','MI Nurul Hidayah Kadupandak','','MTs Al-Mubarok','081911067435/087871113915','Orang Tua','Ahmad Saefulloh','','Serang','1975-11-20 00:00:00','SMA','Wiraswasta','6000000','Ani Nurhayati','Serang ','1978-01-10 00:00:00','','Guru','Link. Nancang Wetan RT/RW 004/004 Desa Karundang','Banten','081911067435/087871113915','Masmi','Serang','','SD','','Kakek','089651675980','','KLS2','JR1','','L','S1','Cipocok','Serang','Link. Nancang Wetan RT/RW 004/004 Desa Karundang','Cipocok','Serang','Banten','','','','Meisya Lisse F.A, SE','T'),('T1.1819.0085','2018-04-14 00:00:00','MTs','1819.1.0085','','','Hanggum Robi Dofaresi','Serang','2006-04-13 00:00:00','Perum BPJS Banten Metro Polis Block E.1/1A ','Kibin','Serang','Banten','0','136','','','','Reguler Putra','2018',250000,'','','','','SDN Garung','','','082112292983/081398009697','Orang Tua','Azro\'i','','Lampung','1964-11-15 00:00:00','SLTA','KARiawan','25000000','Rosmini','Lampung','1973-02-12 00:00:00','','Kariawan Swasta','Perum BPJS Banten Metro Polis Block E.1/1A ','Banten','082112292983/081398009697','Azro\'i','Lampung','1964-11-15 00:00:00','SLTA','KARiawan','Ayah','082112292983/081398009697','','','JR1','','L','SD','Kibin','Serang','Perum BPJS Banten Metro Polis Block E.1/1A ','Kibin','Serang','Banten','','','','Meisya Lisse F.A, SE','T'),('T1.1819.0086','2018-04-14 00:00:00','MTs','1819.1.0086','','','Wahyu Hidayattullah','Serang','2005-03-26 00:00:00','KP. Cikuda RT. 002 RW. 001','Waringin Kurung','Serang','Banten','40','141','','','2018-04-15 00:00:00','Reguler Putra','2018',250000,'','','','','SD N 2 Kramat Watu','','MTs Al Mubarok','082311622588 / 0859450796','Orang Tua','Devi Hadi Usman','3604061102075530','Kalianda','1979-02-06 00:00:00','SLTA','Karyawan swasta','3600000','Yul Astariah','Serang','1984-04-12 00:00:00','','Ibu Rumah Tangga','KP. Cikuda RT. 002 RW. 001','Banten','082311622588 / 085945079666','','','','','','','','','','','','L','SD','Waringin Kurung','Serang','','','','','','','','Meisya Lisse F.A, SE','T'),('T1.1819.0087','2018-04-15 00:00:00','MTs','1819.1.0087','','','Nabila Meysa Putri','Pandeglang','2006-05-18 00:00:00','Komp. Cigadung Mandiri Blok Q No. 11 Rt. 002 Rw. 010','Karang Tanjung','Pandeglang','Banten','37','138','','','2018-04-15 00:00:00','Reguler Putri','2018',250000,'','','','','SD N 1 kadu Merak','','MTs Al Mubarok','087741098636 / 0877731477','Orang Tua','Agus supriatna','3601251710110018','Pandeglang','1977-08-18 00:00:00','S 1','PNS','3500000','Yayat Sulhiyati','Pandeglang','1979-10-16 00:00:00','','Ibu Rumah Tangga','Komp. Cigadung Mandiri Blok Q No. 11 Rt. 002 Rw. 010','Banten','087741098636 / 087773147799','','','','','','','','','KLS1','','','P','SLTA','Karang Tanjung','Pandeglang','','','','','','','','Sobihah, S.Pd.I','T'),('T1.1819.0088','2018-04-16 00:00:00','MTs','1819.1.0088','','0066390008','Vira Safiriyanti','Serang','2006-04-08 00:00:00','Link. Jagarayu RT/RW 002/002 Desa Dalung','Cipicok Jaya ','Serang','Banten','42','143','','','','Reguler Putri','2018',250000,'','','','','SDN Serang 11','','MTs Al-Mubarok','085946452610/089621961233','Orang Tua','Sahroni','3604022910080005','Serang','1962-04-18 00:00:00','SMA','Wiraswasta','3000000','Milhah','Serang','1985-02-21 00:00:00','','Ibu Rumah Tangga','Link. Jagarayu RT/RW 002/002 Desa Dalung','Banten','085946452610/089621961233','Asmi Sulasti','','','','Karyawan Swasta','Bibi','085217381477','','','JR1','AN1','P','SMP','Cipocok','Serang','Link. Jagarayu RT/RW 002/002 Desa Dalung','Cipocok','Serang','Banten','','','','Meisya Lisse F.A, SE','T'),('T1.1819.0089','2018-04-18 00:00:00','MTs','1819.1.0089','','','Muhammad Raif Raihan N','Cilegon','2005-11-02 00:00:00','Link Penggantungan Lama Rt.04/07 Jombang','Jombang','Cilegon','Banten','0','170','O','','','Reguler Putra','2018',250000,'','','','','SDN 2 Cilegon','','','0818478727/089622205693','Orang Tua','Wawan Setiawan','','Cilegon','','SLTA','WIra Swasta','3000000','Tuti','Pandeglan','1987-07-01 00:00:00','','Ibu Rumah Tangga','Link Penggantungan Lama Rt.04/07 Jombang','Banten','0818478727/089622205693','Wawan Setiawan','Cilegon','','SLTA','WIra Swasta','Ayah','0818478727/089622205693','','KLS2','JR1','','L','SLTA','Jombang','Cilegon','Link Penggantungan Lama Rt.04/07 Jombang','Jombang','Cilegon','Banten','','','','Meisya Lisse F.A, SE','T'),('T1.1819.0090','2018-04-21 00:00:00','MTs','1819.1.0090','','','Fadhlullah Akhsan Daffa Darmansyah','Pandeglang','2005-10-26 00:00:00','Kop,Persadaa Banten, Block.G3/04 Rt.003/006 Kel.Teritih','Walantaka','Serang','Banten','0','146','O','','','Reguler Putra','2018',250000,'','','','','SDIT Cahjaya La-Royba','','','081911023334/081511024814','Orang Tua','Sudarman.SM','','Palembang','1976-03-01 00:00:00','S1','Pegawai Swasta','3000000','Yati Sumiati','Lebak','1980-02-19 00:00:00','','Ibu Rumah tangga','Kop,Persadaa Banten, Block.G3/04 Rt.003/006 Kel.Teritih','Banten','081911023334/081511024814','Sudarman.SM','Palembang','1976-03-01 00:00:00','S1','Pegawai Swasta','Ayah','081911023334/081511024814','','KLS2','JR1','','L','SMA','Walantaka','Serang','Kop,Persadaa Banten, Block.G3/04 Rt.003/006 Kel.Teritih','Walantaka','Serang','Banten','','','','Meisya Lisse F.A, SE','T'),('T1.1819.0091','2018-04-21 00:00:00','MTs','1819.1.0091','','0063685081','Gilang kurniawan','Lampung','2006-03-29 00:00:00','Kp.Ranjeng RT/RW 01/01 Desa Ranjeng','Ciruas','Serang','Banten','42','153','','','','Reguler Putra','2018',250000,'','','','','SD Negeri Ranjeng','','MTS Al Mubarok','087871593755/085215792378','Orang Tua','Dede Sumarwan','3604091202072932','Serang','1980-03-03 00:00:00','SLTA','Karyawan Swasta','4500000','Tri Kanti','Lampung','1980-08-28 00:00:00','','Ibu Rumah Tangga','Kp.Ranjeng RT/RW 01/01 Desa Ranjeng','Banten','087871593755/085215792378','Naimah','Serang','','S1','','Ponakan','081290512858','','','JR1','','L','SLTA','Ciruas','Serang','Kp.Ranjeng RT/RW 01/01 Desa Ranjeng','Ciruas','Serang','Banten','','','','Meisya Lisse F.A, SE','T'),('T1.1819.0092','2018-04-23 00:00:00','MTs','1819.1.0092','','0068172316','Aqsha Arta Sena','Serang','2006-04-27 00:00:00','Kp. Cembeh RT/RW 003/001 Desa Ciruas','Ciruas','Serang','Banten','35','138','','','','Reguler Putra','2018',250000,'','','','','SDN CEMBEH','','MTs Al-Mubarok','081218455400/087871726691','Orang Tua','Superi','3604091102070207','Pemangkat','1965-06-02 00:00:00','S1','Karyawan Swast','5000000','Saniroh','Serang','1985-01-05 00:00:00','','Ibu Rumah Tangga','Kp. Cembeh RT/RW 003/001 Desa Ciruas','Banten','081218455400/087871726691','Royadi','','','SD','Buruh','Paman','081210009175','','','JR1','','L','SMP','Ciruas','Serang','Kp. Cembeh RT/RW 003/001 Desa Ciruas','Ciruas','Serang','Banten','','','','Bety','T'),('T1.1819.0093','2018-04-23 00:00:00','MTs','1819.1.0093','','0041659021','Intan Nabilah','Serang','2004-02-22 00:00:00','Kp.Nambo RT/RW 02/01 Desa Kaserangan','Ciruas','Serang','Banten','50','155','','','','Reguler Putri','2018',250000,'','','','','SMPN 1 Ciruas','','MTS Al Mubarok','085218246699/085211434509','Orang Tua','Ahmad Kholil','3604092912090014','Serang','1970-01-07 00:00:00','SMA','Wiraswasta','3000000','Mulianah','Serang','1977-04-10 00:00:00','','Ibu Rumah Tangga','Kp.Nambo RT/RW 02/01 Desa Kaserangan','Banten','085218246699/085211434509','Ayu Mitasari','Serang','1995-09-26 00:00:00','SMA','Kuliah','Kakak','08996917357','','','JR1','','P','SMP','Ciruas','Serang','Kp.Nambo RT/RW 02/01 Desa Kaserangan','Ciruas','Serang','Banten','','','','Sobihah, S.Pd.I','T'),('T1.1819.0094','2018-04-24 00:00:00','MTs','1819.1.0094','','','Revi Ramadhan','Cirebon','2004-01-02 00:00:00','LINK. Medaksana Sebrang RT/RW 004/005 Desa Taman Sari','Pulo Merak','Cilegon','Banten','50','159','B','','','Reguler Putra','2018',250000,'','','','','SDN Taman Sari 3','','Mts Al-Mubarok','085946078369/087809974516','Orang Tua','Fauzi','3672030212070755','Serang','1979-05-12 00:00:00','SLTP','Buruh Harian Lepas','1000000','Siti Maryam','Cirebon','1982-01-01 00:00:00','','Ibu Rumah Tangga','LINK. Medaksana Sebrang RT/RW 004/005 Desa Taman Sari','Banten','085946078369/087809974516','Fauzi','Serang','1979-05-12 00:00:00','SLTP','Buruh Harian Lepas','Ayah','085946078369/087809974516','','KLS1','JR1','','L','SLTP','Pulo Merak','Cilegon','LINK. Medaksana Sebrang RT/RW 004/005 Desa Taman Sari','Pulo Merak','Cilegon','Banten','','','','Bety','T'),('T1.1819.0095','2018-04-25 00:00:00','MTs','1819.1.0095','','0062999184','Syafira Azzahra','Pandeglang','2006-02-25 00:00:00','Kp. Panguseupan RT/RW 003/004 Desa Labuan ','Labuan','Pandeglang','Banten','35','148','','','','Reguler Putri','2018',250000,'','','','','SDN N Kadu Merak 1','','MTs Al-Mubarok','085212187702/087772739334','Orang Tua','Edi Hulaedi','3601120303150006','Serang','1978-02-08 00:00:00','S1','Karyawan Swasta','7000000','Marlia Kartikasari','Pandeglang','1987-03-18 00:00:00','','Ibu Rumah Tangga','Kp. Panguseupan RT/RW 003/004 Desa Labuan ','Banten','085212187702/087772739334','Edi Hulaedi','Serang','1978-02-08 00:00:00','S1','Karyawan Swasta','Ayah','085212187702/087772739334','','','JR1','','P','S1','Labuan','Pandeglang','Kp. Panguseupan RT/RW 003/004 Desa Labuan ','Labuan','Pandeglang','Banten','','','','Meisya Lisse F.A, SE','T'),('T1.1819.0096','2018-04-25 00:00:00','MTs','1819.1.0096','','','Syifa Rizkiyah','Serang','2005-12-28 00:00:00','Kp. Jongjing RT/RW 006/002 Desa Laban','Tirtayasa','Serang','Banten','35','136','B','','','Reguler Putri','2018',250000,'','','','','SDN Tirtatayasa 3','','Mts Al-Mubarok','087771659035/081383726577','Orang Tua','Badrujen','3604131102076590','Serang','1976-01-04 00:00:00','SLTA','Wiraswasta','1500000','Umroh ','Serang','1980-09-10 00:00:00','','Wiraswasta','Kp. Jongjing RT/RW 006/002 Desa Laban','Banten','081383726577','Badrujen','Serang','1976-01-04 00:00:00','SLTA','Wiraswasta','Ayah','087771659035/081383726577','','','JR1','','P','SLTA','Tirtayasa','Serang','Kp. Jongjing RT/RW 006/002 Desa Laban','Tirtayasa','Serang','Banten','','','','Sobihah, S.Pd.I','T'),('T1.1819.0097','2018-04-26 00:00:00','MTs','1819.1.0097','','','Ade Rizal','','','','','','','0','0','','','','Reguler Putra','2018',250000,'','','','','','','','','','','','','','','','0','','','','','','','','','','','','','','','','','','','','L','','','','','','','','','','','Meisya Lisse F.A, SE','T'),('T1.1819.0098','2018-04-27 00:00:00','MTs','1819.1.0098','','','Muhamad Yusuf Asa Ilfari','Cilegon','2006-05-30 00:00:00','Jl. Purbaya No.274 LInk. Palas RT/RW 016/001 Desa Bendungan','Cilegon','Cilegon','Banten','25','156','O','','','Reguler Putra','2018',250000,'','','','','SDN Bendungan 2','','Mts AL-Mubarok','081906299160/087888901664','Orang Tua','H. Asep Syaefullah','3672021912070098','Serang','1964-10-10 00:00:00','SLTA','Wiraswasta','5000000','Hj. Siti Badriyah','Bogor','1967-12-13 00:00:00','','Ibu Rumah Tangga','Jl. Purbaya No.274 LInk. Palas RT/RW 016/001 Desa Bendungan','Banten','081906299160/087888901664','H. Asep Syaefullah','Serang','1964-10-10 00:00:00','SLTA','Wiraswasta','Ayah','081906299160/087888901664','','','JR1','','L','SLTP','Cilegon','Cilegon','Jl. Purbaya No.274 LInk. Palas RT/RW 016/001 Desa Bendungan','Cilegon','Cilegon','Banten','','','','Meisya Lisse F.A, SE','T'),('T1.1819.0099','2018-04-28 00:00:00','MTs','1819.1.0099','','','Falahul Firdaus','Serang','2006-08-02 00:00:00','Kp.Curug Bonteng Ds.Kramat Jati','Kragilan','Serang','Banten','0','0','','','2018-04-28 00:00:00','Reguler Putra','2018',250000,'','','','','SDN Pematang 2','','MTs Al Mubarok','087771280972','Orang Tua','Hamdan','3604111206660004','Serang','1968-06-12 00:00:00','Diploma III/ D3','PNS','0','Rodah','Serang','1966-11-02 00:00:00','','PNS','Kp.Curug Bonteng Rt/Rw:007/004 Ds.Kramat Jati','Banten','087771280972','','','','','','','','','KLS5','JR1','AB5','L','Diploma III/D3','Kragilan','Serang','','','','','2018-04-28 00:00:00','Diterima','','Meisya Lisse F.A, SE','T');
/*!40000 ALTER TABLE `dbo.M_Daftar` ENABLE KEYS */;
UNLOCK TABLES;

--
-- Table structure for table `dbo.M_GuruPengurus`
--

DROP TABLE IF EXISTS `dbo.M_GuruPengurus`;
/*!40101 SET @saved_cs_client     = @@character_set_client */;
/*!40101 SET character_set_client = utf8 */;
CREATE TABLE `dbo.M_GuruPengurus` (
  `NIP` varchar(10) DEFAULT NULL,
  `NUPTK` varchar(16) DEFAULT NULL,
  `Nama` varchar(32) DEFAULT NULL,
  `TempatLahir` varchar(10) DEFAULT NULL,
  `TanggalLahir` varchar(19) DEFAULT NULL,
  `Alamat` varchar(54) DEFAULT NULL,
  `Kecamatan` varchar(12) DEFAULT NULL,
  `Kota` varchar(7) DEFAULT NULL,
  `JenisKelamin` varchar(1) DEFAULT NULL,
  `NoHp` varchar(25) DEFAULT NULL,
  `TanggalEfektive` varchar(19) DEFAULT NULL,
  `StatusAktif` varchar(9) DEFAULT NULL,
  `Pendidikan` varchar(3) DEFAULT NULL,
  `SDAsal` varchar(30) DEFAULT NULL,
  `SMPAsal` varchar(31) DEFAULT NULL,
  `SMAAsal` varchar(30) DEFAULT NULL,
  `S1Asal` varchar(35) DEFAULT NULL,
  `S2Asal` varchar(28) DEFAULT NULL,
  `S3Asal` varchar(0) DEFAULT NULL,
  `Jabatan` varchar(5) DEFAULT NULL,
  `TanggalNonAktif` varchar(19) DEFAULT NULL
) ENGINE=InnoDB DEFAULT CHARSET=utf8mb4;
/*!40101 SET character_set_client = @saved_cs_client */;

--
-- Dumping data for table `dbo.M_GuruPengurus`
--

LOCK TABLES `dbo.M_GuruPengurus` WRITE;
/*!40000 ALTER TABLE `dbo.M_GuruPengurus` DISABLE KEYS */;
INSERT INTO `dbo.M_GuruPengurus` VALUES ('77','','Samsudin','','','','','','L','','','Non Aktif','','','','','','','','','2020-07-01 00:00:00'),('78','','Hanan','','','','','','L','','','Non Aktif','','','','','','','','','2020-07-25 00:00:00'),('0101997021','','DR. M. Ruslan, M.Pd','','','','','','L','087879622004','','Aktif','S3','','','','','','','JBT28',''),('80','','Syifa','','','','','','P','','','Aktif','','','','','','','','',''),('81','','Idho','','','','','','P','','','Aktif','','','','','','','','',''),('83','','Ust Lufi','','','','','','L','','','Aktif','','','','','','','','',''),('84','','Ust Laili Amri','','','','','','L','','','Aktif','','','','','','','','',''),('85','','Ust Robi Syugara','','','','','','L','','','Aktif','','','','','','','','',''),('85','','Anggina','','','','','','P','','','Aktif','','','','','','','','',''),('86','','Kholifah','','','','','','P','','','Non Aktif','','','','','','','','','2020-07-11 00:00:00'),('86','','Nenenag','','','','','','P','','','Aktif','','','','','','','','',''),('0101997013','','Heri Irawan, S.M','Serang','1995-08-12 00:00:00','Kp. Bangkir RT.12/03 Ds. Pegandikan','lebak Wangi','Serang','L','087709979393','','Aktif','S1','SDN Pegandikan 2','MTs Al-Mubarok','SMA Al-Mubarok','STIE Bina Bangsa Banten','','','JBT3',''),('0101997020','','Mutawadi\'ah, S.Pd.I','','','','','','P','087854635191','','Aktif','S1','','','','','','','JBT28',''),('C1','','Andi Siti Aminah, S.Pd','','','','','','P','','','Aktif','','','','','','','','',''),('F1','','Badi\'ah, S.Pd','','','','','','P','','','Aktif','','','','','','','','',''),('0101997033','','Mubarok, S.Pd','','','','','','L','085966184998','','Aktif','S1','','','','','','','JBT26',''),('0101997005','','Syafiudin, S.Pd','','','','','','L','085946418484','2000-02-20 00:00:00','Aktif','S1','','','','','','','JBT31',''),('0101997007','','Wawat Ratnawati, S.Ag','','','','','','P','087808017280','','Aktif','S1','','','','','','','JBT4',''),('0101997008','','Asep Sulaiman, S.Pd','','','jl.Kh.abdullatief no 07 Cimuncang Lk.Ponpes Al-mubarok','Serang','Serang','L','087771119843','','Aktif','S1','','','','','','','JBT6',''),('0101997009','','Evisman, SH','','','','','','L','081316867887','','Aktif','S1','','','','','','','JBT30',''),('0101997010','','Abun KS','','','','','','L','08179118267','','Aktif','SMA','','','','','','','JBT32',''),('0101997025','','TB. Lutfi','','','','','','L','085920111521','','Aktif','','','','','','','','JBT29',''),('0101997027','','Aang Hunaifi','','','','','','L','089658309551','','Aktif','S1','','','','','','','JBT28',''),('0101997032','','Indri Nurfitri Amalia, S.M','Kuningan','1995-08-07 00:00:00','Kp. Bangkir RT. 012 Rw. 003 Ds. Pegandikan','Lebak Wangi','Serang','P','087772856211','','Aktif','S1','SDN Pengampelan','SMP 8 Kota Serang','SMK UNBAJA','STIE BINA Bangsa','','','JBT26',''),('0101997001','','Drs. KH. Mahmudi. MSI','Serang','1964-01-09 00:00:00','jl.Kh.abdullatief no 07 Cimuncang Lk.Ponpes Al-mubarok','Serang','Serang','L','0811120911-087887666642','1988-09-01 00:00:00','Aktif','S2','MI Cibeber 1975','MTs Cibeber 1979','MA Cibeber 1981','IAIN 1998','UII 2007','','JBT1',''),('0101997002','','Syaiful Uman, Lc','Serang','1991-01-14 00:00:00','jl.Kh.abdullatief no 07 Cimuncang Lk.Ponpes Al-mubarok','Serang','Serang','L','08777333302','2016-01-01 00:00:00','Aktif','S1','SDN 15 2003','MTS Da\'ar El-Qolam ','SMA Al-Mubarok 2009','Mu\'tah University yordania 2015','','','JBT2',''),('0101997003','9833756658200002','Muhit Achyuni. M.Pd.I','Ciwandan','1978-05-01 00:00:00','Kom.Safira D9/6A Sepang','Cipocok Jaya','Serang','L','087877545253-081287922717','1998-07-15 00:00:00','Aktif','S2','SDN Sigedong','SMP Muhamadiyah','SMA Nurul Islam','IAIB Serang ','IAIN Banten','','JBT5',''),('04','','Mas\'ud,S.Psi','Serang','1990-05-29 00:00:00','jl.Kh.abdullatief no 07 Cimuncang Lk.Ponpes Al-mubarok','Serang','Serang','L','087771333400-081285000040','2017-01-01 00:00:00','Aktif','','SDN Secang Serang','MTS AL-Mubarok','SMA AL-Irsyad Waringin Kurung','UTN','','','JBT3',''),('0101997015','4847761664200022','E.Aiman Abdillah, S.Pd.I','Tangerang','1983-05-15 00:00:00','jl.Kh.abdullatief no 07 Cimuncang Lk.Ponpes Al-mubarok','Serang','Serang','L','081906149432','','Aktif','S1','SDN Cikuya 1','MTS Da\'ar El-Qolam','MA Da\'ar El-Qolam','STAISA','','','JBT11',''),('0101997023','1652763665120002','Ismatullah, S.Pd.I','Serang','1985-03-20 00:00:00','Perum Harmony Ressidence Blok A 6 Rt 03/09 ','Kasemen ','Serang','L','08191131575','2005-06-16 00:00:00','Aktif','S1','SDN 2 BOJONEGARA ','SLTP N 1 BOJONEGARA ','MA ULUMUL QUR\'AN ','INSTITUT AGAMA ISLAM BANTEN ( IAIB)','','','JBT29',''),('07','','Resta Rezimon, S.Pd.I','Cilegon','1993-09-09 00:00:00','Kalang Anyar, Kedaleman, Cibeber','Cibeber','Cilegon','L','089697858772','2017-06-05 00:00:00','Non Aktif','S1','SDN Kedaleman 1 ','Al-Zauhrotunnakiyah','Al-Mubarok Seranga','IAIN SMH Banten','','','JBT24','2019-01-16 00:00:00'),('09','405774765120003','Rebudin, M.Pd','Serang','1969-06-25 00:00:00','kom.Puri Serang Hijau Blok A.06 NNO33','Cipocok Jaya','Serang','L','081911022043','2003-01-01 00:00:00','Non Aktif','S2','Bojo Negara 2','Al-Khairiah Bojonegara','Al-Zauhrotunnakiyah Cibeber','IAIB Serang ','UPI Bandung','','GR10','2019-01-16 00:00:00'),('10','','Hasuri','Serang','1963-08-05 00:00:00','Link Pabuaran Rt.004/004Kel Serang','Serang','Serang','L','081932471783','1998-07-15 00:00:00','Aktif','MA','MI Badamussalam','SMP Cibeber','MA Cibeber ','','','','GR12',''),('0101997004','','Abah Jazuli Jasir','Serang','1959-08-17 00:00:00','Kampung Baru Rt, 008/004 kel Sentul','Keragilan','Serang','L','081319925218','2002-01-01 00:00:00','Aktif','MA','Mi Bojo Negara','MTs Cibeber','','','','','JBT30',''),('0101997026','2736755658120002','Ahmad Rohyani, S.Pd.I','Cilegon','1977-04-04 00:00:00','Komp BCP2 Blok, F9/16','Ciruas','Serang','L','087771612507','2005-07-16 00:00:00','Aktif','S1','SDN Cipala','MTsN Pulo Merak','MA Jauhrotunnakiyah Palas','IAIN ( SMH) Banten','','','JBT28',''),('0101997034','','Abdul Gofur, S.Pd.I','Serang','1985-07-23 00:00:00','Kp.Nyamuk Bojonegara','Pulo Ampel','Serang','L','081911222114','2008-07-17 00:00:00','Aktif','S1','SDn Kali LanangII','Al-Zauhrotunnakiyah','MA Ulumul Qor\'an','IAIN Banten','','','JBT25',''),('0101997012','304875265330003','Hj. Munifah, S.Ag','Serang','1974-07-16 00:00:00','Kop.PSB Kaw Kelapa Gading Blok T./17','Cipocok Jaya','Serang','P','0817810440','2001-07-01 00:00:00','Aktif','S1','SDn 1 Carenang','SMPN1 Carenang','SMAN Ciruas','IAIB Serang ','','','JBT33',''),('0101997019','5836761662110062','Miftah as\'adi, M.Pd.I','Serang','1983-05-04 00:00:00','Kp./Ds Curug Agung ','Baros','Serang','L','087773940535','2017-07-20 00:00:00','Aktif','S2','SDN Kertasana bojonegara','SMPN 1 Bojonegara','MAK Turus Pandeglang','IAIN SMH Banten','IAIN Banten','','JBT28',''),('17','334474764920003','H.Harun Arrosyid, S.Pd.I','Serang','1969-10-12 00:00:00','Bumi agung Perg Blok. M5/21','Serang','Serang','L','087809385808','2016-06-20 00:00:00','Aktif','S1','SDN 2 Serang','SMPN2 Serang','SMAN 2 Serang','UNISBA','','','GR13',''),('18','','Saprudin','Serang','1977-10-24 00:00:00','LInk.Kesawon Selatri','Terondol','Serang','L','087878889133','2005-01-02 00:00:00','Aktif','SMA','SDN Pereng','Ponpes Al-Mubarok','Al-Mubarok','','','','GR15',''),('52','','M. Abdirahman, S.Pd.','','','','','','L','','','Aktif','','','','','','','','GR21',''),('0101997029','','Muchdi, S.Pd.I','','','','','','L','087871055563','','Aktif','S1','','','','','','','JBT7',''),('54','','Mufida, S.Pd','','','','','','P','','2020-07-25 00:00:00','Aktif','','','','','','','','GR22',''),('55','','H. Djahra','','','','','','L','','','Aktif','','','','','','','','GR21',''),('57','','Mahendra, S.Pd.I','','','','','','L','','','Aktif','','','','','','','','GR18',''),('0101997006','','Abdul Salam, S.Sos.I','','','','','','L','081310085066','','Aktif','S1','','','','','','','JBT30',''),('59','','Saroh','','','','','','P','','','Aktif','','','','','','','','',''),('61','','Nuryunani','','','','','','P','','','Non Aktif','','','','','','','','GR21','2019-01-16 00:00:00'),('0101997030','','Suhada Rohman','','','','','','L','087809311042','','Aktif','SMA','','','','','','','JBT10',''),('63','','Siti Mutiah, S.Pd.I','','','','','','P','','','Aktif','','','','','','','','GR20',''),('21','2950762664200002','Ety Solati, S.Pd','Serang','1984-06-18 00:00:00','Kp.Ciwiru, Rt.04/01 Ds, Cigoong ','Walanraka','Serang','P','087774417855','2016-07-20 00:00:00','Aktif','S1','SDN Kesabilan Pontang','MTSN Ciruas','MAN2 Serang','STKIP 2 Subang','','','GR3',''),('64','','Ahmad Saikul Millah','','','','','','L','','','Non Aktif','','','','','','','','GR20','2019-07-01 00:00:00'),('65','','Dahlia','','','','','','L','','','Aktif','','','','','','','','GR20',''),('66','','Nasrullah','Serang','1996-07-07 00:00:00','Kp. Suro Banten Desa Cibodas RT/RW 02/10','Tanara','Serang','L','087808874705','','Aktif','S1','SD N Lempuyang','SMP N 1 Tirtayasa','SMA Al-Mubarok','UIN Serang','','','GR22',''),('67','','Ema Istiqomah','','','','','','P','','','Non Aktif','','','','','','','','GR22','2019-01-16 00:00:00'),('68','','Lilis Ashliyati, S.Pd.','','','','','','P','','','Aktif','','','','','','','','GR21',''),('70','','Lina Agustina, S.H','','','','','','P','','','Aktif','','','','','','','','JBT24',''),('72','','Sofiah','','','','','','P','','','Non Aktif','','','','','','','','GR22','2020-09-24 00:00:00'),('73','','Ata Sumarta, S.Pd.I','','','','','','L','','','Aktif','','','','','','','','GR22',''),('74','','Lela Fitriyah, S.Pd.I','','','','','','P','','','Non Aktif','','','','','','','','GR22','2019-01-16 00:00:00'),('0101997028','','Fredi Gunawan, S.Kom','','','','','','L','087871598546','','Aktif','','','','','','','','JBT8',''),('76','','Iwat Andawati, S.Pd','','','','','','P','','','Non Aktif','','','','','','','','GR21','2019-01-16 00:00:00'),('B3','4734760662220002','Fatmawati, S.Sos','Serang','1982-04-02 00:00:00','link.almubarok','Cimuncang','Serang','P','-','2007-07-20 00:00:00','Aktif','S1','SDN Kamanisan','SMPN Baros','SMAN Da\'ar el-istikomah','IAIN ( SMH) Banten','','','GR22',''),('24','1354760660300003','Enia Qurbaeniah, S.Pd','Serang','1980-10-22 00:00:00','Griya Lopang Infah Block.F6/16 No.2 Rt.02/09','Lopang','Serang','P','085945928456','2015-07-20 00:00:00','Aktif','S1','SDN 13','SMPN 1 Serang','SMAN1 Serang','UPI','','','GR17',''),('25','5642760661300002','Purwanti, S.Pd','Sragen','1982-03-10 00:00:00','Kom.BIP Blok E14/8A ','Serang','Serang','P','081380782150','2001-07-20 00:00:00','Aktif','S1','SDN 2 Juwok','SMPN 1Sukopono','SMAN Sukopono','UNS Surakarta','','','GR6',''),('26','7563750651300173','Muslimah, S.Ag','Serang','1972-12-31 00:00:00','komp.Korem Cilaku Blok E1/09','Cipocok Jaya','Serang','P','081382880322','2001-07-20 00:00:00','Aktif','S1','MIN Jono Tanon Srageb','MTSN Tanon Seragen','MAN Surakarta','UIN Sunan Kalijaga Yogyakarta','','','GR1',''),('27','1936752657210002','Mahiroh, S.Ag','Serang','1974-06-04 00:00:00','Link.Sifomuncul Rt.03/20 Cimunxang','Serang','Serang','P','087771375258','2001-01-20 00:00:00','Aktif','s1','MI Roudotul Mutaalimin Sidapug','MTS Roudotul Mutaalumin Sudapug','MA Roudotul Mutaalimin Sidapug','IAIB Kota Serang','','','GR6',''),('0101997016','','Nisa Maulidah','Serang','1994-08-14 00:00:00','jl.Kh.abdullatief no 07 Cimuncang Lk.Ponpes Al-mubarok','Serang','Serang','P','087808058420','2001-01-20 00:00:00','Aktif','S1','SDN 13','MTS Da\'ar El-Qolam','MA Da\'ar El-Qolam','STIH PAINAN Serang','','','JBT11',''),('0101997018','','Usep Rusdi, SM','Jakarta','1991-08-04 00:00:00','jl.Kh.abdullatief no 07 Cimuncang Lk.Ponpes Al-mubarok','Serang','Serang','L','081906028123','2000-12-20 00:00:00','Aktif','S1','SDN Karya Sari2','SMPN 1 Sukaresmi','SMA Ar\'raaf Kramat Watu','UNIBA Bina Bangsa','','','JBT11',''),('30','7062747649300003','Neneng Dedeh Rodiah, S.Ag','Sukabumi','1969-07-30 00:00:00','Link PejatenRt.03/09 Kel.Kaligandu','Serang','Serang','P','087871148648','2001-01-20 00:00:00','Aktif','S1','SDN Kebon Kawung','SMPN 1 Cianjur','SMAN 1 Cianjur','UIN Syarif HidayatTullah Jakarta','','','GR7',''),('31','6742761665110002','M.Sumarta, S.Pd.I','Lebak','1983-04-10 00:00:00','Taman Banten Lestari (TBL)','Serang','Serang','P','087871254018','2017-07-20 00:00:00','Aktif','S1','SDN Jaya sari Lebak','MTS Al-Khariyah Lebak','MA Al-Idrus Lebak','IAIN ( SMH) Banten','','','GR18',''),('0101997017','2441763664300003','Nurotul Janah, S.Pd.I','Ciwandan','1985-11-09 00:00:00','Link.SondolTaman Baru Cilegon-Citangkil ','Citangkil','Serang','P','087774647992','2001-01-20 00:00:00','Aktif','S1','SDN Sigedong','SMP Ihsaniyah','MAN 2 Serang','IAIN ( SMH) Banten','','','JBT11',''),('34','4236747651300003','Yayah Khairiyah, S.Ag','Pandeglang','1969-11-04 00:00:00','Link. Cipare Gede Rt.02/04 ','Serang','Serang','P','087871359169','2001-01-20 00:00:00','Aktif','S1','SDN Sukaraja Jiput','SMPN 1 Jiput','PGAN Cilkek Pandeglang','IAIB Kota Serang','','','GR14',''),('35','5947758660200002','Zainal Muttaqin, S.Pd.I','Serang','1980-06-15 00:00:00','Kom.TBL Block F24/06','Serang','Serang','L','081932015668','2004-07-01 00:00:00','Aktif','S1','SDN Pamekaser','MTS Al-Khariyah Mancak','MA Al-khairiyah','STAIN SMHB Serang','','','GR19',''),('0101997024','','Ricky Supriadi, S.Kom','Serang','1992-05-09 00:00:00','Jl.Tb Sueb No.23 Rt.04/02 Link Cigabus kaligandu','Serang','Serang','L','087771924431','2001-01-20 00:00:00','Aktif','S1','SDN 20 serang','SMPN 1 Cipocok','SMA Mardiyuana','UNSERA ','','','JBT29',''),('37','3560752654300003','Siti Nurcahaya, S.Pd','serang','1974-11-28 00:00:00','Link.Kesawon Rt.04/03 kel.Trondol','Serang','Serang','P','081806664783','2017-07-20 00:00:00','Aktif','S1','SDN Ciwaktu','SMPN 7Kota Serang','SMA Tirtayasa','Untirta Serang','','','GR11',''),('0101997031','','Meisya Lisse Fatimah Azzahra, SE','Serang','1990-05-05 00:00:00','Link Cimuncang Sidomuncul Rt.001/020 Kel.Cimuncang','Serang','Serang','P','087771606640','2017-08-01 00:00:00','Aktif','S1','SDN Sindang Sari Petir','SMPI Al-Azhar 2 Serang','SMAN 2 Cipocok Jaya','UNTIRTA','','','JBT26',''),('40','','Amung, S.Pd.I','Lebak','1982-04-10 00:00:00','DS.Takari Taktakan Kp.Soyog','Taktakan','Serang','L','087871840872','2015-01-01 00:00:00','Aktif','S1','SD Gunung Anten','MTS Alhikmah','MAI alihsan','IAIN ( SMH) Banten','','','GR15',''),('0101997022','','Suhendar, M.Pd','Serang','1991-07-20 00:00:00','Jl.Bojonegara No.06Kp.Trate Ds.Trate Rt.06/02','Trate','Serang','L','0859446427899','2015-01-01 00:00:00','Aktif','S2','SDNGenurit','MTS AL-Mubarok','SMA Al-Mubarok ','Pendidikan Bahasa Inggris - UNTIRTA','Manajemen Pendidikan - UNESA','','JBT22',''),('42','','Hairul Bahrozi','Serang','','Bojonegara Kp.Solor','Pulo Ampel','Serang','L','087771013196','2015-01-01 00:00:00','Aktif','S1','SDN Solor','MTS Al-Khariyah Serang','SMA Al-Mubarok ','UIN SMH Banten','','','',''),('56','','Nurul Awaliatul Mubarokah, S.Pd','Tanerang','1993-09-25 00:00:00','Link.Unyur Rt.004/001 ','Serang','Serang','P','087774708759 / 0813102714','2015-01-01 00:00:00','Aktif','S1','SDN Unyur','MTS Daarul Rohman','MA Daarul Rohman','IAIN ( SMH) Banten','','','GR9',''),('41','','Supriyadi, S.Pd.I','Serang','1981-01-03 00:00:00','link Unyur Rt.01/01','Serang','Serang','P','085946277368','2016-07-01 00:00:00','Aktif','S1','SDN Persis Kebaharan','MTS Persis kebaharan','MAN 2 Serang','IAIB Serang ','','','GR15',''),('44','','Bunga Sri Sri Kurniawan, S.Kom','Serang','1993-02-04 00:00:00','Jl. Warung Jaud Komp.Bumi Sari Blok.C4/07','Serang','Serang','P','085920101700','2012-06-22 00:00:00','Aktif','S1','SDN Kasemen','SMPN 1 Kasemen','SMAN 4Kota Serang','STTIKOM Ibsan Unggul Cilegon','','','',''),('32','','Abah Wawan ','Serang','1963-06-17 00:00:00','Kom.Saptamarga Unyur','Serang','Serang','L','087871664042','2012-09-09 00:00:00','Aktif','MA','KMP Baru Cikolelet 1','MTs Cibeber','MA Cibeber ','','','','GR15',''),('0101997011','','Musonip, S.Ag','Serang','','Kebaharan Dukuh Serang','Serang','Serang','L','081290531162','2003-01-01 00:00:00','Aktif','S1','SDN Kasemen','MTS Kasemen','PGAN Serang','IAIN ( SMH) Banten','','','JBT33',''),('46','','Asta Pangestu, S.Pd','Tangerang','1993-12-15 00:00:00','Kom.Taman Angsoka Permai.','Kasemen','Serang','P','089683212260','2015-01-01 00:00:00','Aktif','S1','SDN Angsoka','MTS AL-Mubarok','SMA Al-Mubarok ','Untirta Serang','','','GR2',''),('47','','Veni Sri Nurlita Sari, S.Pd','Serang','1995-02-12 00:00:00','Kp.Petung Keragilan','Keeagilan','Serang','P','081218868330','2016-01-01 00:00:00','Non Aktif','S1','SDN Teras 1','MTS AL-Mubarok','SMA Al-Mubarok ','STKIP Siliwangi Bandung','','','GR3','2019-01-16 00:00:00'),('0101997014','','Ifat Fatimah, SE., MM','Serang','1982-01-10 00:00:00','Kom.Perum Taman Puri indah Blok.B4/04 Ciracas','Cipocok Jaya','Serang','P','087771896480','2004-01-01 00:00:00','Aktif','S2','SDN 2 Serang','SMPN cipocok jaya','SMA 17','STIM','UNTIRTA','','JBT27',''),('48','','Rika Fauziah','Lampung','1992-02-02 00:00:00','Lampung Timur','','','P','085966183123','2016-07-20 00:00:00','Non Aktif','S1','','','','','','','JBT26','2019-01-16 00:00:00');
/*!40000 ALTER TABLE `dbo.M_GuruPengurus` ENABLE KEYS */;
UNLOCK TABLES;

--
-- Table structure for table `dbo.M_Jabatan`
--

DROP TABLE IF EXISTS `dbo.M_Jabatan`;
/*!40101 SET @saved_cs_client     = @@character_set_client */;
/*!40101 SET character_set_client = utf8 */;
CREATE TABLE `dbo.M_Jabatan` (
  `KodeJabatan` varchar(5) DEFAULT NULL,
  `Jabatan` varchar(26) DEFAULT NULL,
  `JenisJabatan` varchar(8) DEFAULT NULL
) ENGINE=InnoDB DEFAULT CHARSET=utf8mb4;
/*!40101 SET character_set_client = @saved_cs_client */;

--
-- Dumping data for table `dbo.M_Jabatan`
--

LOCK TABLES `dbo.M_Jabatan` WRITE;
/*!40000 ALTER TABLE `dbo.M_Jabatan` DISABLE KEYS */;
INSERT INTO `dbo.M_Jabatan` VALUES ('JBT28','Majelis Pengajaran','Pengurus'),('JBT28','Staff TU SMA','Pengurus'),('JBT29','Staff TU MTs','Pengurus'),('JBT30','Dewan Penasehat','Pengurus'),('JBT31','Kepala Biro SDM','Pengurus'),('JBT32','Kepala Biro Sarpras','Pengurus'),('JBT33','Pengawas dan Penjamin Mutu','Pengurus'),('JBT1','Ketua Yayasan','Pengurus'),('JBT2','Pimpinan Pondok','Pengurus'),('JBT3','Sekretaris Pondok','Pengurus'),('JBT4','Kepala Sekolah MTs','Pengurus'),('JBT5','Kepala Sekolah SMA','Pengurus'),('JBT6','Kepala Sekolah SMK','Pengurus'),('JBT7','Ka. Lab Komputer MTs','Pengurus'),('JBT8','Ka. Lab Komputer SMA','Pengurus'),('JBT9','Ka. Lab Komputer SMK','Pengurus'),('JBT10','Ka. Lab IPA','Pengurus'),('JBT11','Majelis Pengasuhan','Pengurus'),('JBT12','Bidang LPTQ','Pengurus'),('JBT14','Bidang OPPAM','Pengurus'),('JBT15','Bidang Pramuka','Pengurus'),('JBT16','Bidang Perizinan Santri','Pengurus'),('JBT17','Bagian Asrama dan Ibadah','Pengurus'),('JBT18','Bagian Ektrakulikuler','Pengurus'),('JBT19','Bagian Pengajaran','Pengurus'),('JBT20','Bagian Disiplin','Pengurus'),('JBT22','Pengembangan IT','Pengurus'),('JBT25','Staff TU SMK','Pengurus'),('JBT26','Staff Keuangan','Pengurus'),('GR1','Guru Bahasa Indonesia','Guru'),('GR2','Guru Bahasa Inggris','Guru'),('GR3','Guru Matematika','Guru'),('GR4','Guru Fisika','Guru'),('GR5','Guru Kimia','Guru'),('GR6','Guru Biologi','Guru'),('GR7','Guru Sejarah','Guru'),('GR8','Guru PKn','Guru'),('GR9','Guru Bahasa Arab','Guru'),('GR10','Guru Sosiologi','Guru'),('GR11','Guru Geografi','Guru'),('GR12','Guru Tajwid','Guru'),('GR13','Guru SKI','Guru'),('GR14','Guru Akidah Akhlak','Guru'),('GR15','Guru Fiqih','Guru'),('GR16','Guru Faroid','Guru'),('GR17','Guru Ekonomi','Guru'),('GR18','Guru SBK','Guru'),('GR19','Guru PAI','Guru'),('JBT27','Kepala Biro Keuangan','Pengurus'),('GR20','Guru SMK','Guru'),('GR21','Guru SMA','Guru'),('GR22','Guru MTs','Guru');
/*!40000 ALTER TABLE `dbo.M_Jabatan` ENABLE KEYS */;
UNLOCK TABLES;

--
-- Table structure for table `dbo.M_JenisSPP`
--

DROP TABLE IF EXISTS `dbo.M_JenisSPP`;
/*!40101 SET @saved_cs_client     = @@character_set_client */;
/*!40101 SET character_set_client = utf8 */;
CREATE TABLE `dbo.M_JenisSPP` (
  `JenisSPP` varchar(13) DEFAULT NULL
) ENGINE=InnoDB DEFAULT CHARSET=utf8mb4;
/*!40101 SET character_set_client = @saved_cs_client */;

--
-- Dumping data for table `dbo.M_JenisSPP`
--

LOCK TABLES `dbo.M_JenisSPP` WRITE;
/*!40000 ALTER TABLE `dbo.M_JenisSPP` DISABLE KEYS */;
INSERT INTO `dbo.M_JenisSPP` VALUES ('Unggulan'),('Reguler Putra'),('Reguler Putri'),('Lanjutkan');
/*!40000 ALTER TABLE `dbo.M_JenisSPP` ENABLE KEYS */;
UNLOCK TABLES;

--
-- Table structure for table `dbo.M_Jurusan`
--

DROP TABLE IF EXISTS `dbo.M_Jurusan`;
/*!40101 SET @saved_cs_client     = @@character_set_client */;
/*!40101 SET character_set_client = utf8 */;
CREATE TABLE `dbo.M_Jurusan` (
  `KodeJurusan` varchar(3) DEFAULT NULL,
  `Jurusan` varchar(13) DEFAULT NULL,
  `Tingkat` varchar(5) DEFAULT NULL
) ENGINE=InnoDB DEFAULT CHARSET=utf8mb4;
/*!40101 SET character_set_client = @saved_cs_client */;

--
-- Dumping data for table `dbo.M_Jurusan`
--

LOCK TABLES `dbo.M_Jurusan` WRITE;
/*!40000 ALTER TABLE `dbo.M_Jurusan` DISABLE KEYS */;
INSERT INTO `dbo.M_Jurusan` VALUES ('JR6','SMPIT-TAHFIDZ','SMPIT'),('JR1','MTs','MTs'),('JR2','SMA','SMA'),('JR3','SMA - IPA','SMA'),('JR4','SMA - IPS','SMA');
/*!40000 ALTER TABLE `dbo.M_Jurusan` ENABLE KEYS */;
UNLOCK TABLES;

--
-- Table structure for table `dbo.M_Kamar`
--

DROP TABLE IF EXISTS `dbo.M_Kamar`;
/*!40101 SET @saved_cs_client     = @@character_set_client */;
/*!40101 SET character_set_client = utf8 */;
CREATE TABLE `dbo.M_Kamar` (
  `KodeKamar` varchar(5) DEFAULT NULL,
  `Kamar` varchar(20) DEFAULT NULL
) ENGINE=InnoDB DEFAULT CHARSET=utf8mb4;
/*!40101 SET character_set_client = @saved_cs_client */;

--
-- Dumping data for table `dbo.M_Kamar`
--

LOCK TABLES `dbo.M_Kamar` WRITE;
/*!40000 ALTER TABLE `dbo.M_Kamar` DISABLE KEYS */;
INSERT INTO `dbo.M_Kamar` VALUES ('AN101','Annisa 101'),('AN102','Annisa 102'),('AN103','Annisa 103'),('AN104','Annisa 104'),('AN105','Annisa 105'),('AN106','Annisa 106'),('AN107','Annisa 107'),('AN108','Annisa 108'),('AN109','Annisa 109'),('AN110','Annisa 110'),('AN201','Annisa 201'),('AN12','Annisa 202'),('AN13','Annisa 203'),('AN14','Annisa 204'),('AN15','Annisa 205'),('AN16','Annisa 206'),('AN17','Annisa 207'),('AN18','Annisa 208'),('AN19','Annisa 209'),('AN20','Annisa 210'),('AN21','Annisa 301'),('AN22','Annisa 302'),('AN23','Annisa 303'),('AN24','Annisa 304'),('AN25','Annisa 305'),('AN26','Annisa 306'),('AN27','Annisa 307'),('AN28','Annisa 308'),('AN29','Annisa 309'),('AN30','Annisa 310'),('US5','Usman Bin Affan 5'),('US6','Usman Bin Affan 6'),('US7','Usman Bin Affan 7'),('AB1','Abu Bakar Sidiq 1'),('AB2','Abu Bakar 2'),('AB3','Abu Bakar 3'),('AB4','Abu Bakar 4'),('AB5','Abu Bakar 5'),('AB6','Abu Bakar 6'),('AL1','Ali Bin Abi Tholib 1'),('AL2','Ali Bin Abi Tholib 2'),('AL3','Ali Bin Abi Tholib 3'),('AL4','Ali Bin Abi Tholib 4'),('US1','Usman Bin Affan 1'),('US2','Usman Bin Affan 2'),('UM1','Umar Bin Khotob 1'),('UM2','Umar Bin Khotob 2'),('UM3','Umar Bin Khotob 3'),('UM4','Umar Bin Khotob 4'),('UM5','Umar Bin Khotob 5'),('UN1','Umi Nasitoh 1'),('UN2','Umi Nasitoh 2'),('UN3','Umi Nasitoh 3'),('UN4','Umi Nasitoh 4'),('UN5','Umi Nasitoh 5'),('UN6','Umi Nasitoh 6'),('UN7','Umi Nasitoh 7'),('UN8','Umi Nasitoh 8'),('UN9','Umi Nasitoh 9'),('UN10','Umi Nasitoh 10'),('UN11','Umi Nasitoh 11'),('UN12','Umi Nasitoh 12'),('UN13','Umi Nasitoh 13'),('UN14','Umi Nasitoh 14'),('KB1','Khodijatul Kubro 1'),('KB2','Khodijatul Kubro 2'),('KB3','khodijatul Kubro 3'),('KB4','khodijatul Kubro 4'),('FZ1','Fatimatuzzahro 1'),('FZ2','Fatimatuzzahro 2'),('FZ3','Fatimatuzzahro 3'),('FZ4','Fatimatuzzahro 4'),('FZ5','Fatimatuzzahro 5'),('FZ6','Fatimatuzzahro 6'),('AR1','Aisyaturrido 1'),('AR2','Aisyaturrido 2'),('AR3','Aisyaturrido 3'),('AR4','Aisyaturrido 4'),('US3','Usman Bin Affan 3'),('US4','Usman Bin Affan 4');
/*!40000 ALTER TABLE `dbo.M_Kamar` ENABLE KEYS */;
UNLOCK TABLES;

--
-- Table structure for table `dbo.M_Kelas`
--

DROP TABLE IF EXISTS `dbo.M_Kelas`;
/*!40101 SET @saved_cs_client     = @@character_set_client */;
/*!40101 SET character_set_client = utf8 */;
CREATE TABLE `dbo.M_Kelas` (
  `KodeKelas` varchar(5) DEFAULT NULL,
  `Kelas` varchar(5) DEFAULT NULL,
  `SubKelas` varchar(5) DEFAULT NULL
) ENGINE=InnoDB DEFAULT CHARSET=utf8mb4;
/*!40101 SET character_set_client = @saved_cs_client */;

--
-- Dumping data for table `dbo.M_Kelas`
--

LOCK TABLES `dbo.M_Kelas` WRITE;
/*!40000 ALTER TABLE `dbo.M_Kelas` DISABLE KEYS */;
INSERT INTO `dbo.M_Kelas` VALUES ('KLS28','2','2E'),('KLS26','1 SMP','1B IT'),('KLS25','1 SMP','1A IT'),('kls27','3','3E'),('KLS29','2 SMP','2A IT'),('KLS30','2 SMP','2B IT'),('KLS1','1','1A'),('KLS2','1','1B'),('KLS3','1','1C'),('KLS4','1','1D'),('KLS5','1','1E'),('KLS6','2','2A'),('KLS7','2','2B'),('KLS8','2','2C'),('KLS9','2','2D'),('KLS10','3','3A'),('KLS11','3','3B'),('KLS12','3','3C'),('KLS13','3','3D'),('KLS14','4','4A '),('KLS15','4','4B'),('KLS16','4','4C'),('KLS17','5','5A'),('KLS18','5','5B'),('KLS19','5','5C'),('KLS20','5','5D'),('KLS21','6','6A'),('KLS22','6','6B'),('KLS23','6','6C'),('KLS24','6','6D');
/*!40000 ALTER TABLE `dbo.M_Kelas` ENABLE KEYS */;
UNLOCK TABLES;

--
-- Table structure for table `dbo.M_Klasifikasi`
--

DROP TABLE IF EXISTS `dbo.M_Klasifikasi`;
/*!40101 SET @saved_cs_client     = @@character_set_client */;
/*!40101 SET character_set_client = utf8 */;
CREATE TABLE `dbo.M_Klasifikasi` (
  `IDKlasifikasi` tinyint(4) DEFAULT NULL,
  `Klasifikasi` varchar(7) DEFAULT NULL,
  `IDRak` varchar(3) DEFAULT NULL
) ENGINE=InnoDB DEFAULT CHARSET=utf8mb4;
/*!40101 SET character_set_client = @saved_cs_client */;

--
-- Dumping data for table `dbo.M_Klasifikasi`
--

LOCK TABLES `dbo.M_Klasifikasi` WRITE;
/*!40000 ALTER TABLE `dbo.M_Klasifikasi` DISABLE KEYS */;
INSERT INTO `dbo.M_Klasifikasi` VALUES (1,'Agama','RK1'),(2,'Umum','RK2'),(3,'Sekolah','RK2');
/*!40000 ALTER TABLE `dbo.M_Klasifikasi` ENABLE KEYS */;
UNLOCK TABLES;

--
-- Table structure for table `dbo.M_KodeJurnal`
--

DROP TABLE IF EXISTS `dbo.M_KodeJurnal`;
/*!40101 SET @saved_cs_client     = @@character_set_client */;
/*!40101 SET character_set_client = utf8 */;
CREATE TABLE `dbo.M_KodeJurnal` (
  `KodeJurnal` smallint(6) DEFAULT NULL,
  `Deskripsi` varchar(35) DEFAULT NULL,
  `JenisJurnal` varchar(3) DEFAULT NULL,
  `Umum` varchar(10) DEFAULT NULL
) ENGINE=InnoDB DEFAULT CHARSET=utf8mb4;
/*!40101 SET character_set_client = @saved_cs_client */;

--
-- Dumping data for table `dbo.M_KodeJurnal`
--

LOCK TABLES `dbo.M_KodeJurnal` WRITE;
/*!40000 ALTER TABLE `dbo.M_KodeJurnal` DISABLE KEYS */;
INSERT INTO `dbo.M_KodeJurnal` VALUES (5501,'SPP Reguler Putra','In','Pembayaran'),(5502,'SPP Reguler Putri','In','Pembayaran'),(5503,'SPP Unggulan','In','Pembayaran'),(5504,'Daftar Ulang Putra','In','Pembayaran'),(5505,'Daftar Ulang Putri','In','Pembayaran'),(5506,'Daftar Ulang Unggulan','In','Pembayaran'),(5508,'UN MTs ','In','Pembayaran'),(5509,'UN & Wisuda SMA','In','Pembayaran'),(5510,'UN & Wisuda SMK','In','Pembayaran'),(5507,'Daftar Ulang Melanjutkan','In','Pembayaran'),(5511,'Pengembalian Kasbon Guru & Karyawan','In','Umum'),(5512,'Pemasukan lain-lain','In','Umum'),(8801,'Kebutuhan Pondok','Out','Umum'),(8802,'Kebutuhan MTs','Out','Umum'),(8803,'Kebutuhan SMA','Out','Umum'),(8804,'Kebutuhan SMK','Out','Umum'),(8806,'Kasbon Guru & Karyawan','Out','Umum'),(8809,'Talangan Transferan','Out','Umum'),(8807,'Kasbon Loundry','Out','Umum'),(8808,'Setoran Ke Pimpinan','Out','Umum'),(5513,'Saldo Tahun Ajaran 2017/2018','In','Umum'),(8805,'Kebutuhan Umum','Out','Umum'),(5514,'Pengembalian Talangan Transferan','In','Umum'),(5515,'Pengembalian Kasbon Loundry','In','Umum');
/*!40000 ALTER TABLE `dbo.M_KodeJurnal` ENABLE KEYS */;
UNLOCK TABLES;

--
-- Table structure for table `dbo.M_NilaiDaftar`
--

DROP TABLE IF EXISTS `dbo.M_NilaiDaftar`;
/*!40101 SET @saved_cs_client     = @@character_set_client */;
/*!40101 SET character_set_client = utf8 */;
CREATE TABLE `dbo.M_NilaiDaftar` (
  `Tahun` smallint(6) DEFAULT NULL,
  `Nilai` int(11) DEFAULT NULL,
  `JenisPendaftar` varchar(13) DEFAULT NULL
) ENGINE=InnoDB DEFAULT CHARSET=utf8mb4;
/*!40101 SET character_set_client = @saved_cs_client */;

--
-- Dumping data for table `dbo.M_NilaiDaftar`
--

LOCK TABLES `dbo.M_NilaiDaftar` WRITE;
/*!40000 ALTER TABLE `dbo.M_NilaiDaftar` DISABLE KEYS */;
INSERT INTO `dbo.M_NilaiDaftar` VALUES (2018,8700000,'Reguler Putra'),(2018,10000000,'Reguler Putri'),(2018,10700000,'Unggulan'),(2019,9100000,'Reguler Putra'),(2019,10400000,'Reguler Putri'),(2020,9100000,'Reguler Putra'),(2020,10400000,'Reguler Putri'),(2021,9600000,'Reguler Putra'),(2021,10600000,'Reguler Putri');
/*!40000 ALTER TABLE `dbo.M_NilaiDaftar` ENABLE KEYS */;
UNLOCK TABLES;

--
-- Table structure for table `dbo.M_Pelanggaran`
--

DROP TABLE IF EXISTS `dbo.M_Pelanggaran`;
/*!40101 SET @saved_cs_client     = @@character_set_client */;
/*!40101 SET character_set_client = utf8 */;
CREATE TABLE `dbo.M_Pelanggaran` (
  `KodePelanggaran` varchar(4) DEFAULT NULL,
  `JenisPelanggaran` varchar(21) DEFAULT NULL,
  `PointPelanggaran` tinyint(4) DEFAULT NULL,
  `Hukuman` varchar(19) DEFAULT NULL
) ENGINE=InnoDB DEFAULT CHARSET=utf8mb4;
/*!40101 SET character_set_client = @saved_cs_client */;

--
-- Dumping data for table `dbo.M_Pelanggaran`
--

LOCK TABLES `dbo.M_Pelanggaran` WRITE;
/*!40000 ALTER TABLE `dbo.M_Pelanggaran` DISABLE KEYS */;
INSERT INTO `dbo.M_Pelanggaran` VALUES ('PLG7','Contoh',50,'Membersihkan Masjid'),('PLG8','Merokok',10,'Membersihkan Masjid'),('PLG&','Mencuri Uang',50,'SP1'),('PLG1','Merokok',10,'Bersih Kamar Mandi'),('PLG2','Kabur',20,'Majelis Pembina'),('PLG3','Tidak Solat Berjamaah',10,'Bersih Masjid'),('PLG4','Tidak Masuk Sekolah',5,'Baca Yasin'),('PLG5','Mikok Rambut',10,'Baca Yasin 3 Kali'),('PLG6','Berkelahi',10,'Jemur');
/*!40000 ALTER TABLE `dbo.M_Pelanggaran` ENABLE KEYS */;
UNLOCK TABLES;

--
-- Table structure for table `dbo.M_PengeluaranJenis`
--

DROP TABLE IF EXISTS `dbo.M_PengeluaranJenis`;
/*!40101 SET @saved_cs_client     = @@character_set_client */;
/*!40101 SET character_set_client = utf8 */;
CREATE TABLE `dbo.M_PengeluaranJenis` (
  `KodeJenis` mediumint(9) DEFAULT NULL,
  `Jenis` varchar(47) DEFAULT NULL
) ENGINE=InnoDB DEFAULT CHARSET=utf8mb4;
/*!40101 SET character_set_client = @saved_cs_client */;

--
-- Dumping data for table `dbo.M_PengeluaranJenis`
--

LOCK TABLES `dbo.M_PengeluaranJenis` WRITE;
/*!40000 ALTER TABLE `dbo.M_PengeluaranJenis` DISABLE KEYS */;
INSERT INTO `dbo.M_PengeluaranJenis` VALUES (44005,'Biaya Organisasi'),(44006,'Ektrakulikuler'),(44007,'Pengeluaran Lain-Lain'),(44008,'Lain-Lain'),(44001,'Perlengkapan Pesanan'),(44002,'Pembangunan Asrama, Sekolah, Gedung dan Sarpras'),(44003,'Semesteran'),(44004,'Pendaftaran');
/*!40000 ALTER TABLE `dbo.M_PengeluaranJenis` ENABLE KEYS */;
UNLOCK TABLES;

--
-- Table structure for table `dbo.M_PengeluaranKode`
--

DROP TABLE IF EXISTS `dbo.M_PengeluaranKode`;
/*!40101 SET @saved_cs_client     = @@character_set_client */;
/*!40101 SET character_set_client = utf8 */;
CREATE TABLE `dbo.M_PengeluaranKode` (
  `Kode` varchar(4) DEFAULT NULL,
  `JenisPengeluaran` varchar(56) DEFAULT NULL,
  `KodeJenis` mediumint(9) DEFAULT NULL
) ENGINE=InnoDB DEFAULT CHARSET=utf8mb4;
/*!40101 SET character_set_client = @saved_cs_client */;

--
-- Dumping data for table `dbo.M_PengeluaranKode`
--

LOCK TABLES `dbo.M_PengeluaranKode` WRITE;
/*!40000 ALTER TABLE `dbo.M_PengeluaranKode` DISABLE KEYS */;
INSERT INTO `dbo.M_PengeluaranKode` VALUES ('P001','Lemari Santri',44001),('P002','Ranjang, Kasur dan Seprei',44001),('P003','Seragam Sekolah (Lengkap)',44001),('P004','Buku Paket Yudistira',44001),('P005','Pembelian LKS ',44001),('P006','Pembelian Kitab Pondok',44001),('P007','Pembangunan Pondok',44002),('P008','Wakaf Perluasan',44002),('P009','Penunjang Pendidikan',44002),('P010','Pemeliharaan Asrama, Sekolah, Air, Listrik, dan Bangunan',44002),('P011','Map dan Raport',44003),('P012','UTS 1 Tahun',44003),('P013','UAS Semester 1',44003),('P014','Ujian Kenaikan Kelas',44003),('P015','Orientasi Siswa',44006),('P016','Kartu Tanda Santri',44006),('P017','Seragam Guru Laki-Laki',44007),('P018','Seragam Guru Perempuan',44007),('P020','Biaya THR Dewan Guru, Adm, Kemanan & Dapur',44007),('P021','Biaya THR Karyawan Loundry, Clening Service',44007),('P022','Subsidi ke Kel. Alm H. Suradi',44007),('P023','ATK PSB',44004),('P024','Honor Panitia PSB',44004),('P025','Konsumsi Panitia',44004),('P026','Operasional PSB',44004),('P027','Keperluan Lain-Lain',44008),('P019','Seragam Karyawan Keamanan & K3',44007);
/*!40000 ALTER TABLE `dbo.M_PengeluaranKode` ENABLE KEYS */;
UNLOCK TABLES;

--
-- Table structure for table `dbo.M_PosPembayaran`
--

DROP TABLE IF EXISTS `dbo.M_PosPembayaran`;
/*!40101 SET @saved_cs_client     = @@character_set_client */;
/*!40101 SET character_set_client = utf8 */;
CREATE TABLE `dbo.M_PosPembayaran` (
  `Kode` tinyint(4) DEFAULT NULL,
  `Urutan` tinyint(4) DEFAULT NULL,
  `Pos` varchar(11) DEFAULT NULL
) ENGINE=InnoDB DEFAULT CHARSET=utf8mb4;
/*!40101 SET character_set_client = @saved_cs_client */;

--
-- Dumping data for table `dbo.M_PosPembayaran`
--

LOCK TABLES `dbo.M_PosPembayaran` WRITE;
/*!40000 ALTER TABLE `dbo.M_PosPembayaran` DISABLE KEYS */;
INSERT INTO `dbo.M_PosPembayaran` VALUES (2,17,'Raport'),(3,17,'MATASA'),(4,17,'Eskul'),(5,17,'OPPAM'),(6,17,'UAS'),(7,17,'Kalender'),(8,17,'Lemari'),(9,17,'Ranjang'),(10,17,'Seragam'),(11,17,'Buku Pondok'),(12,17,'LKS'),(13,17,'Buku Paket'),(14,17,'SPP'),(15,17,'Air Listrik'),(16,17,'Wakaf'),(17,17,'Gedung'),(18,17,'Bangunan'),(1,17,'Pendaftaran');
/*!40000 ALTER TABLE `dbo.M_PosPembayaran` ENABLE KEYS */;
UNLOCK TABLES;

--
-- Table structure for table `dbo.M_PosPembayaran_nilai`
--

DROP TABLE IF EXISTS `dbo.M_PosPembayaran_nilai`;
/*!40101 SET @saved_cs_client     = @@character_set_client */;
/*!40101 SET character_set_client = utf8 */;
CREATE TABLE `dbo.M_PosPembayaran_nilai` (
  `Kode` tinyint(4) DEFAULT NULL,
  `Nilai` int(11) DEFAULT NULL,
  `Jenis` varchar(13) DEFAULT NULL
) ENGINE=InnoDB DEFAULT CHARSET=utf8mb4;
/*!40101 SET character_set_client = @saved_cs_client */;

--
-- Dumping data for table `dbo.M_PosPembayaran_nilai`
--

LOCK TABLES `dbo.M_PosPembayaran_nilai` WRITE;
/*!40000 ALTER TABLE `dbo.M_PosPembayaran_nilai` DISABLE KEYS */;
INSERT INTO `dbo.M_PosPembayaran_nilai` VALUES (1,300000,'Reguler Putra'),(2,100000,'Reguler Putra'),(3,100000,'Reguler Putra'),(4,150000,'Reguler Putra'),(5,150000,'Reguler Putra'),(6,700000,'Reguler Putra'),(7,150000,'Reguler Putra'),(8,350000,'Reguler Putra'),(9,1200000,'Reguler Putra'),(10,800000,'Reguler Putra'),(11,200000,'Reguler Putra'),(12,300000,'Reguler Putra'),(13,1000000,'Reguler Putra'),(14,700000,'Reguler Putra'),(15,600000,'Reguler Putra'),(16,500000,'Reguler Putra'),(17,700000,'Reguler Putra'),(18,1000000,'Reguler Putra'),(2,100000,'Reguler Putri'),(3,100000,'Reguler Putri'),(4,150000,'Reguler Putri'),(5,150000,'Reguler Putri'),(6,700000,'Reguler Putri'),(7,150000,'Reguler Putri'),(8,350000,'Reguler Putri'),(9,1200000,'Reguler Putri'),(10,800000,'Reguler Putri'),(11,200000,'Reguler Putri'),(12,300000,'Reguler Putri'),(13,1000000,'Reguler Putri'),(14,800000,'Reguler Putri'),(15,800000,'Reguler Putri'),(16,1000000,'Reguler Putri'),(17,700000,'Reguler Putri'),(18,1500000,'Reguler Putri');
/*!40000 ALTER TABLE `dbo.M_PosPembayaran_nilai` ENABLE KEYS */;
UNLOCK TABLES;

--
-- Table structure for table `dbo.M_Prestasi`
--

DROP TABLE IF EXISTS `dbo.M_Prestasi`;
/*!40101 SET @saved_cs_client     = @@character_set_client */;
/*!40101 SET character_set_client = utf8 */;
CREATE TABLE `dbo.M_Prestasi` (
  `KodePrestasi` varchar(5) DEFAULT NULL,
  `JenisPrestasi` varchar(13) DEFAULT NULL,
  `PointPrestasi` tinyint(4) DEFAULT NULL,
  `Reward` varchar(13) DEFAULT NULL
) ENGINE=InnoDB DEFAULT CHARSET=utf8mb4;
/*!40101 SET character_set_client = @saved_cs_client */;

--
-- Dumping data for table `dbo.M_Prestasi`
--

LOCK TABLES `dbo.M_Prestasi` WRITE;
/*!40000 ALTER TABLE `dbo.M_Prestasi` DISABLE KEYS */;
INSERT INTO `dbo.M_Prestasi` VALUES ('PRES1','Juara Lomba 1',10,'Penghargaan 1'),('PRES2','Juara Lomba 2',12,'Penghargaan 2'),('PRES3','Juara Lomba 3',15,'Penghargaan 3');
/*!40000 ALTER TABLE `dbo.M_Prestasi` ENABLE KEYS */;
UNLOCK TABLES;

--
-- Table structure for table `dbo.M_Rak`
--

DROP TABLE IF EXISTS `dbo.M_Rak`;
/*!40101 SET @saved_cs_client     = @@character_set_client */;
/*!40101 SET character_set_client = utf8 */;
CREATE TABLE `dbo.M_Rak` (
  `IDRak` varchar(3) DEFAULT NULL,
  `Rak` varchar(14) DEFAULT NULL
) ENGINE=InnoDB DEFAULT CHARSET=utf8mb4;
/*!40101 SET character_set_client = @saved_cs_client */;

--
-- Dumping data for table `dbo.M_Rak`
--

LOCK TABLES `dbo.M_Rak` WRITE;
/*!40000 ALTER TABLE `dbo.M_Rak` DISABLE KEYS */;
INSERT INTO `dbo.M_Rak` VALUES ('RK1','Rak 1 Lantai 1'),('RK2','Rak 1 Lantai 2'),('RK3','Rak 1 Lantai 3'),('RK4','Rak 1 Lantai 4');
/*!40000 ALTER TABLE `dbo.M_Rak` ENABLE KEYS */;
UNLOCK TABLES;

--
-- Table structure for table `dbo.M_SetingPembayaran`
--

DROP TABLE IF EXISTS `dbo.M_SetingPembayaran`;
/*!40101 SET @saved_cs_client     = @@character_set_client */;
/*!40101 SET character_set_client = utf8 */;
CREATE TABLE `dbo.M_SetingPembayaran` (
  `KodeSeting` varchar(8) DEFAULT NULL,
  `KodeKelas` varchar(5) DEFAULT NULL,
  `KodeTrans` varchar(9) DEFAULT NULL,
  `Aktif` varchar(1) DEFAULT NULL,
  `Kelas` varchar(2) DEFAULT NULL
) ENGINE=InnoDB DEFAULT CHARSET=utf8mb4;
/*!40101 SET character_set_client = @saved_cs_client */;

--
-- Dumping data for table `dbo.M_SetingPembayaran`
--

LOCK TABLES `dbo.M_SetingPembayaran` WRITE;
/*!40000 ALTER TABLE `dbo.M_SetingPembayaran` DISABLE KEYS */;
INSERT INTO `dbo.M_SetingPembayaran` VALUES ('2018001','MTs','550118001','',''),('2018002','MTs','550218001','',''),('2018003','MTs','550418001','',''),('2018004','MTs','550518001','',''),('2018005','SMA','550118001','',''),('2018006','SMA','550218001','',''),('2018007','SMA','550418001','',''),('2018008','SMA','550518001','',''),('2018009','SMK','550118001','',''),('2018010','SMK','550218001','',''),('2018011','SMK','550418001','',''),('2018012','SMK','550518001','',''),('2018013','MTs','550818001','',''),('2018014','SMA','550918001','',''),('2018015','SMK','551018001','','6'),('2018016','SMA','550718001','','4'),('2018017','SMK','550718001','','4'),('20182005','MTs','20181005','',''),('20183005','SMA','20181005','',''),('20184005','SMK','20181005','',''),('20184006','SMA','20190214','',''),('20185007','SMK','Trans12','','5'),('2019001','MTs','550119001','',''),('2019002','MTs','550219001','',''),('2019003','MTs','550419001','',''),('2019004','MTs','550519001','',''),('2019005','SMA','550119001','',''),('2019006','SMA','550219001','',''),('2019007','SMA','550419001','',''),('2019008','SMA','550519001','',''),('2019009','SMK','550119001','',''),('2019010','SMK','550219001','',''),('2019011','SMK','550419001','',''),('2019012','SMK','550519001','',''),('2019013','SMA','550719001','','4'),('2019014','SMA','550719002','','4'),('2019015','SMK','550719001','','4'),('2019016','SMK','550719002','','4'),('2020001','MTs','550120001','',''),('2020002','MTs','550220001','',''),('2020003','MTs','550420001','',''),('2020004','MTs','550520001','',''),('2020005','SMA','550120001','',''),('2020006','SMA','550220001','',''),('2020007','SMA','550420001','',''),('2020008','SMA','550520001','',''),('2020009','SMK','550120001','',''),('2020010','SMK','550220001','',''),('2020011','SMK','550420001','',''),('2020012','SMK','550520001','',''),('2020013','SMA','550720001','','4'),('2020014','SMA','550720002','','4'),('2020015','SMK','550720001','','4'),('2020016','SMK','550720002','','4'),('2021001','MTs','550121001','','1'),('2021002','MTs','550121001','','2'),('2021003','MTs','550121001','','3'),('2021004','MTs','550221001','','1'),('2021005','MTs','550221001','','2'),('2021006','MTs','550221001','','3'),('2021007','SMPIT','550121001','','1 '),('2021008','SMPIT','550221001','','1'),('2021009','SMA','550121001','','4'),('2021010','SMA','550121001','','5'),('2021011','SMA','550121001','','6'),('2021012','SMA','550221001','','4'),('2021013','SMA','550221001','','5'),('2021014','SMA','550221001','','6'),('2021015','MTs','550421001','','1'),('2021016','MTs','550421001','','2'),('2021017','MTs','550421001','','3'),('2021018','MTs','550521001','','1'),('2021019','MTs','550521001','','2'),('2021020','MTs','550521001','','3'),('2021021','SMA','550421001','','4'),('2021022','SMA','550421001','','5'),('2021023','SMA','550421001','','6'),('2021024','SMA','550521001','','4'),('2021025','SMA','550521001','','5'),('2021026','SMA','550521001','','6'),('2021027','SMA','550721001','','4'),('2022001','MTs','550122001','','1'),('2022002','MTs','550122001','','2'),('2022003','MTs','550122001','','3'),('2022004','SMA','550122001','','4'),('2022005','SMA','550122001','','5'),('2022006','SMA','550122001','','6'),('2022007','MTs','550222001','','1'),('2022008','MTs','550222001','','2'),('2022009','MTs','550222001','','3'),('2022010','SMA','550222001','','4'),('2022011','SMA','550222001','','5'),('2022012','SMA','550222001','','6'),('2022013','SMPIT','550122001','','1 '),('2022014','SMPIT','550222001','','1 '),('2022015','SMPIT','550122001','','2 '),('2022016','SMPIT','550222001','','2 '),('2022017','MTs','550422001','','1'),('2022018','MTs','550422001','','2'),('2022019','MTs','550422001','','3');
/*!40000 ALTER TABLE `dbo.M_SetingPembayaran` ENABLE KEYS */;
UNLOCK TABLES;

--
-- Table structure for table `dbo.M_Siswa`
--

DROP TABLE IF EXISTS `dbo.M_Siswa`;
/*!40101 SET @saved_cs_client     = @@character_set_client */;
/*!40101 SET character_set_client = utf8 */;
CREATE TABLE `dbo.M_Siswa` (
  `NoInduk` varchar(11) DEFAULT NULL,
  `NISN` varchar(15) DEFAULT NULL,
  `Nama` varchar(39) DEFAULT NULL,
  `TempatLahir` varchar(17) DEFAULT NULL,
  `TanggalLahir` varchar(19) DEFAULT NULL,
  `BeratBadan` smallint(6) DEFAULT NULL,
  `TinggiBadan` smallint(6) DEFAULT NULL,
  `GolDarah` varchar(2) DEFAULT NULL,
  `JarakRumah` varchar(0) DEFAULT NULL,
  `NomorIjazah` varchar(19) DEFAULT NULL,
  `TglIjazah` varchar(19) DEFAULT NULL,
  `NomorSKHUN` varchar(20) DEFAULT NULL,
  `TglSKHUN` varchar(19) DEFAULT NULL,
  `AsalSekolah` varchar(48) DEFAULT NULL,
  `SekolahTujuan` varchar(27) DEFAULT NULL,
  `NoHP` varchar(25) DEFAULT NULL,
  `TinggalDengan` varchar(23) DEFAULT NULL,
  `NoKK` varchar(17) DEFAULT NULL,
  `NAyah` varchar(32) DEFAULT NULL,
  `TempatLahirAyah` varchar(19) DEFAULT NULL,
  `TglLahirAyah` varchar(19) DEFAULT NULL,
  `PendidikanAyah` varchar(26) DEFAULT NULL,
  `PekerjaanAyah` varchar(27) DEFAULT NULL,
  `PenghasilanOrtu` varchar(8) DEFAULT NULL,
  `NIbu` varchar(32) DEFAULT NULL,
  `TempatLahirIbu` varchar(16) DEFAULT NULL,
  `TglLahirIbu` varchar(19) DEFAULT NULL,
  `Pendidikan` varchar(0) DEFAULT NULL,
  `PekerjaanIbu` varchar(28) DEFAULT NULL,
  `AlamatOrtu` varchar(100) DEFAULT NULL,
  `NoHPOrtu` varchar(39) DEFAULT NULL,
  `NWali` varchar(28) DEFAULT NULL,
  `TampatLahirWali` varchar(17) DEFAULT NULL,
  `TglLahirWali` varchar(19) DEFAULT NULL,
  `PendidikanWali` varchar(15) DEFAULT NULL,
  `PekerjaanWali` varchar(26) DEFAULT NULL,
  `HubunganWali` varchar(16) DEFAULT NULL,
  `NoHPWali` varchar(25) DEFAULT NULL,
  `Alamat` varchar(50) DEFAULT NULL,
  `Kecamatan` varchar(50) DEFAULT NULL,
  `Kota` varchar(44) DEFAULT NULL,
  `Provinsi` varchar(17) DEFAULT NULL,
  `Foto` varchar(0) DEFAULT NULL,
  `Kelas` varchar(5) DEFAULT NULL,
  `Jurusan` varchar(3) DEFAULT NULL,
  `Kamar` varchar(5) DEFAULT NULL,
  `JKelamin` varchar(2) DEFAULT NULL,
  `PendidikanIbu` varchar(32) DEFAULT NULL,
  `KecOrtu` varchar(42) DEFAULT NULL,
  `KotaOrtu` varchar(29) DEFAULT NULL,
  `ProvinsiOrtu` varchar(17) DEFAULT NULL,
  `AlamatWali` varchar(109) DEFAULT NULL,
  `KecWali` varchar(34) DEFAULT NULL,
  `KotaWali` varchar(15) DEFAULT NULL,
  `ProvinsiWali` varchar(16) DEFAULT NULL,
  `TglKeluar` varchar(19) DEFAULT NULL,
  `KeteranganKeluar` varchar(9) DEFAULT NULL,
  `TglMasuk` varchar(19) DEFAULT NULL,
  `JenisSPP` varchar(13) DEFAULT NULL
) ENGINE=InnoDB DEFAULT CHARSET=utf8mb4;
/*!40101 SET character_set_client = @saved_cs_client */;

--
-- Dumping data for table `dbo.M_Siswa`
--

LOCK TABLES `dbo.M_Siswa` WRITE;
/*!40000 ALTER TABLE `dbo.M_Siswa` DISABLE KEYS */;
INSERT INTO `dbo.M_Siswa` VALUES ('1516.1.0009','0039866482','Fikri Abyadi','Serang','2003-04-15 00:00:00',0,0,'','','MI 130010735','','MI 130018188','','','','','Orang Tua','','Anang S. Yusuf Hidayat','','','','','0','Umriah','','','','','','','','','','','','','','Kp. Saga Ds. Sukatani','Cikande','Serang','','','KLS10','JR1','','L','','','','','','','','','2018-04-22 00:00:00','Lulus','','Reguler Putra'),('1516.1.0010','0036934488','Gani Fahreza Karim','Serang','2003-04-14 00:00:00',0,0,'','','DN-30 Dd 0001624','','DN-30 Dd 0001624','','','','','Orang Tua','','Fahruroji','','','','','0','Ika Hermawati','','','','','','','','','','','','','','BAP 1 Blok F7 No.10 Desa Unyur RT/RW 08/12','Serang','Kota Serang','','','KLS10','JR1','','L','','','','','','','','','2018-04-22 00:00:00','Lulus','','Reguler Putra'),('1516.1.0012','','Tedi Ariyansyah','Tangerang','2003-10-18 00:00:00',0,0,'','','DN-30 Dd ','','DN-30 Dd ','','','','','Orang Tua','','Suamrdi','','','','','0','Romlah','','','','','','','','','','','','','','Ciparipanonan Desa Ciakar RT/RW 01/01','Panonan','Tangerang','','','KLS10','JR1','','L','','','','','','','','','2018-04-22 00:00:00','Lulus','','Reguler Putra'),('1516.1.0015','','Rika Anggraeni Sasole','Serang','2003-08-22 00:00:00',0,0,'','','DN-30 Dd ','','DN-30 Dd ','','','','','Orang Tua','','Abed Sasole','','','','','0','Tri Purwati ','','','','','','','','','','','','','','Asrama Group 1 Kopasus JL.Cakra 111 RT/RW 01/02 ','Taktakan','Kota Serang','','','KLS10','JR1','AR2','P','','','','','','','','','2018-04-22 00:00:00','Lulus','','Reguler Putri'),('1516.1.0017','0031759868','Ruspita Komala','Serang','2003-04-09 00:00:00',0,0,'A','','DN-30 Dd 0074449','','DN-30 Dd 0074449','','SDN TEGAL JETAK','','087884676126','Orang Tua','','M.Agus Rusdi','','','','','0','Sumiati','','','','','','','','','','','','','','Kubangawan Ds.citerep RT/RW 04/02','Ciruas','Serang','','','KLS10','JR1','AR3','P','','','','','','','','','2018-04-22 00:00:00','Lulus','','Reguler Putri'),('1516.1.0018','','Sabila Sefianti','Serang','2003-09-23 00:00:00',0,0,'','','DN-30 Dd ','','DN-30 Dd ','','','','','Orang Tua','','Irul Nasrullah ','','','','','0','Meity Hasan','','','','','','','','','','','','','','Taman Lopang Indah Ds. Unyur RT/RW 04/13','Serang','Kota Serang','','','KLS10','JR1','AR3','P','','','','','','','','','2018-04-22 00:00:00','Lulus','','Reguler Putri'),('1516.1.0019','0031235717','Salma Kamila','Cilegon','2003-08-24 00:00:00',0,0,'','','DN-30 Dd ','','DN-30 Dd 0042923','','','','','Orang Tua','','Saiful Anwar','','','','','0','Mabsutoh','','','','','','','','','','','','','','Link. Tegal Buntu Ds. Tegal Ratu RT/RW 11/06 Ciwan','Ciwandan','Cilegon','','','KLS10','JR1','AR3','P','','','','','','','','','2018-04-22 00:00:00','Lulus','','Reguler Putri'),('1516.1.0021','0036992637','Siska Devi Aryani','Serang','2003-06-23 00:00:00',0,0,'','','DN-30 Dd 0002947','','DN-30 Dd 0002947','','','','','Orang Tua','','Suwandi','','','','','0','Djuanah','','','','','','','','','','','','','','Kebon Jahe RT/RW 05/14','Serang','Kota Serang','','','KLS10','JR1','FZ4','P','','','','','','','','','2018-04-22 00:00:00','Lulus','','Reguler Putri'),('1516.1.0022','','Alvin M','','1899-12-31 00:00:00',0,0,'','','','','','','','','','','','','','','','','0','','','','','','','','','','','','','','','','','','','','KLS24','JR5','','L','','','','','','','','','2019-02-04 00:00:00','Pindah','2016-07-16 00:00:00','Reguler Putri'),('1516.1.0023','','Anfal ibnu Ramadhan','Pandeglang','2002-12-03 00:00:00',0,0,'','','DN-30 Dd ','','DN-30 Dd ','','','','','Orang Tua','','Edison','','','','','0','Eni','','','','','','','','','','','','','','Bumi Ciruas Permai','Ciruas','Serang','','','KLS11','JR1','UM2','L','','','','','','','','','2018-04-22 00:00:00','Lulus','','Reguler Putra'),('1516.1.0024','0031243787','Ardiansyah Lubis','Tangerang','2003-02-17 00:00:00',45,170,'B','','DN-30 Dd 0002684','','DN-30 Dd 0002640','','','','081311161451','Orang Tua','','Atrison Lubis','','','','','0','Ida Mayana Nasution','','','','','','','','','','','','','','Benggala Desa. Negla Sari RT/RW. 01/02','Serang','Kota Serang','','','KLS11','JR1','UM3','L','','','','','','','','','2018-04-22 00:00:00','Lulus','2015-06-14 00:00:00','Reguler Putra'),('1516.1.0025','0038975531','Muhammad Faiz','Serang','2003-05-28 00:00:00',42,165,'A','','DN-30 Dd 0000519','','DN-30 Dd 0000519','','','','','Orang Tua','','Abdul Rauf','','','','','0','Irmasari','','','','','','','','','','','','','','Lingkungan Kepandean Ds. Kagungan Serang RT/RW. 02','Serang','Kota Serang','','','KLS11','JR1','UM2','L','','','','','','','','','2018-04-22 00:00:00','Lulus','2015-06-14 00:00:00','Reguler Putra'),('1516.1.0026','0030577461','Prayoga Fajri Aliska','Cilegon','2003-08-31 00:00:00',0,0,'','','DN-30 Dd ','','DN-30 Dd ','','','','087771312805','Orang Tua','','Muklis','','','','','0','Atika Yurida','','','','','','','','','','','','','','Perum. BCK Blok A2 No,08 RT/RW 01/06','Cibeber','Cilegon','','','KLS11','JR1','US1','L','','','','','','','','','2018-04-22 00:00:00','Lulus','2015-06-14 00:00:00','Reguler Putra'),('1516.1.0027','0034705406','Septian','Serang','2003-09-09 00:00:00',0,0,'','','MI 130009324','','MI 130017156','','','','','Orang Tua','','Harun Dahri','','','','','0','Kanisah','','','','','','','','','','','','','','Kejaban Desa Kepandean RT/RW 05/01 ','Ciruas ','Serang','','','KLS11','JR1','UM2','L','','','','','','','','','2018-04-22 00:00:00','Lulus','2015-06-14 00:00:00','Reguler Putra'),('1516.1.0028','0015261767','Alya Rohayati','Serang','2002-10-22 00:00:00',39,0,'A','','DN-30 Dd 0008364','','DN-30 Dd 0008364','','','','081906336780','Orang Tua','','Tb. Agus Ruhiyat','','','','','0','Nurjanah','','','','','','','','','','','','','','Jln. Jendr. Sudirman Desa. Penancangan RT/RW.02/02','Cipocok Jaya','Serang','','','KLS11','JR1','AR1','P','','','','','','','','','2018-04-22 00:00:00','Lulus','2015-06-14 00:00:00','Reguler Putri'),('1516.1.0029','0038811870','Annisa Nurbaeti','Serang','2003-04-01 00:00:00',32,0,'A+','','DN-30 Dd 0090014','','DN-30 Dd 0090014','','','','08128574811 / 08596634471','Orang Tua','','Agus Supriatna','','','','','0','Mulyati','','','','','','','','','','','','','','Kp. Pasanggarahan RT. 10 RW. 03','Pabuaran','Serang','','','KLS11','JR1','AR1','P','','','','','','','','','2018-04-22 00:00:00','Lulus','2015-06-14 00:00:00','Reguler Putri'),('1516.1.0030','0028972039','Dewi Syifa Septiani','Serang','2002-09-27 00:00:00',0,0,'O','','DN-30 Dd 0001809','','DN-30 Dd 0001809','','SDN Sumber Agung','','','Orang Tua','','Riyan Marsudi','','','','','0','Hujaemah','','','','','','','','','','','','','','Bayangkara Baru RT/RW 04/08 ','Serang','Kota Serang','','','KLS11','JR1','FZ4','P','','','','','','','','','2018-04-22 00:00:00','Lulus','2015-06-14 00:00:00','Reguler Putri'),('1516.1.0031','0036481118','Maulidah Sri Hayati Nufus','Pandeglang','2003-09-09 00:00:00',39,0,'O','','DN-30 Dd 0109183','','DN-30 Dd 0109183','','','','087780015317','Orang Tua','','Aning B Danial','','','','','0','Duroh','','','','','','','','','','','','','','Kp. Cikondang RT/RW 04/10. Pandeglang','Pandeglang','Pandeglang','','','KLS11','JR1','AR3','P','','','','','','','','','2018-04-22 00:00:00','Lulus','2015-06-14 00:00:00','Reguler Putri'),('1516.1.0032','','Navisah Handayani','Lebak','2003-08-08 00:00:00',42,0,'','','DN-30 Dd ','','DN-30 Dd ','','','','08561502772 / 08138095018','Orang Tua','','Nazmudin','','','','','0','Uyum Siti Mahyumah','','','','','','','','','','','','','','Kp. Waruing Lame Tanjung Wangi RT/RW 01/03 muncang','Muncang ','Lebak','','','KLS11','JR1','AR2','P','','','','','','','','','2018-04-22 00:00:00','Lulus','','Reguler Putri'),('1516.1.0033','0040257761','Santi Damayanti','Serang','2004-02-14 00:00:00',47,0,'','','DN-30 Dd 0072994','','DN-30 Dd 0072994','','','','085921583545','Orang Tua','','Uibaidillah','','','','','0','Atun Tuniyah','','','','','','','','','','','','','','Kp. Pengrango Kendal RT. 11 RW. 07','Bojonegara ','Serang','','','KLS11','JR1','UN8','P','','','','','','','','','2018-04-22 00:00:00','Lulus','2016-08-24 00:00:00','Unggulan'),('1516.1.0034','0027030014','Siti Maesaroh','Lebak','2002-09-10 00:00:00',0,0,'','','DN-30 Dd ','','DN-30 Dd ','','','','','Orang Tua','','Doni Pin Pendi','','','','','0','Saomi','','','','','','','','','','','','','','Kp. Bulak Teko Desa Kali Deres RT/RW 10/11','Kalideres','Jakarta Barat','','','KLS11','JR1','AR3','P','','','','','','','','','2018-04-22 00:00:00','Lulus','','Reguler Putri'),('1516.1.0035','0033737595','Sri Anggi Arni','Serang','2003-06-30 00:00:00',46,0,'','','DN-30 Dd 0010035','','DN-30 Dd 0010035','','','','081906200497','Orang Tua','','Jumri','','','','','0','Yayuningsih','','','','','','','','','','','','','','Kp. Pasir Gadung Desa Cilowong RT/RW 06/10','Taktakan','Kota Serang','','','KLS11','JR1','AR3','P','','','','','','','','','2018-04-22 00:00:00','Lulus','2015-06-14 00:00:00','Reguler Putri'),('1516.1.0038','0024529960','Uyun Putri','Serang','2002-09-29 00:00:00',42,0,'A','','DN-30 Dd 0003987','','DN-30 Dd 0003987','','','','0817733429 / 087773077634','Orang Tua','','Asroudin','','','','','0','Nasiroh','','','','','','','','','','','','','','Kaligandu Selatan Desa Kaligandu RT/RW  01/11','Serang','Kota Serang','','','KLS11','JR1','AR1','P','','','','','','','','','2018-04-22 00:00:00','Lulus','','Reguler Putri'),('1516.1.0039','0030577317','Zafira Rahmah','Cilegon','2003-06-04 00:00:00',0,0,'AB','','DN-30 Dd 0041666','','DN-30 Dd 0041666','','','','085920054587 / 0817919299','Orang Tua','','Sa\'amin','','','','','0','Hj. Mutmainah','','','','','','','','','','','','','','Link. Cibeber Desa. Cibeber RT/RW. 06/01','Cibeber','Cilegon','','','KLS11','JR1','AR1','P','','','','','','','','','2018-04-22 00:00:00','Lulus','','Reguler Putri'),('1516.1.0041','','Zidan Rifa`i','Serang','2002-10-11 00:00:00',0,0,'','','DN-30 Dd ','','DN-30 Dd ','','','','','Orang Tua','','A. Kurtubi','','','','','0','Supiah','','','','','','','','','','','','','','Lopang Gede Desa Lopang RT/RW 07/01','Serang','Kota Serang','','','KLS12','JR1','','L','','','','','','','','','2018-04-22 00:00:00','Lulus','','Reguler Putra'),('1516.1.0042','0028994850','Mochamad Andryansyah Maulana','Serang','2002-11-21 00:00:00',0,0,'','','DN-30 Dd 0002958','','DN-30 Dd 0002958','','','','','Orang Tua','','Endang Kurniawan','','','','','0','Dyan Andriawaty','','','','','','','','','','','','','','Cipare Jaya No 15 Ds.Cipare RT03 RW 21','Serang','Kota Serang','','','KLS12','JR1','','L','','','','','','','','','2018-04-22 00:00:00','Lulus','','Reguler Putra'),('1516.1.0043','0032060949','Mochamad Shiraz','Bogor','2003-06-19 00:00:00',0,0,'','','DN-30 Dd ','','DN-30 Dd ','','','','','Orang Tua','','M. Rafiq','','','','','0','Nuraini','','','','','','','','','','','','','','Sidomuncul Desa Cimuncang ','Serang','Kota Serang','','','KLS27','JR1','','L','','','','','','','','','2018-08-13 00:00:00','Pindah','','Reguler Putra'),('1516.1.0044','','Muhammad Anis Wahdani','Cilegon','2003-09-17 00:00:00',40,0,'O','','','','','','','','','Orang Tua','','','','','','','0','','','','','','','','','','','','','','','Komplek Ketileng Timur','Cilegon','Cilegon','','','KLS12','JR1','UM2','L','','','','','','','','','2018-04-22 00:00:00','Lulus','2017-02-03 00:00:00','Reguler Putra'),('1516.1.0045','0035591379','Reza Alfian Hidayat','Serang','2003-02-10 00:00:00',0,0,'','','DN-30 Dd ','','DN-30 Dd ','','','','','Orang Tua','','H. Syarif Hidayat','','','','','0','Umi Kurniasih','','','','','','','','','','','','','','Kp. Sadang Desa Barengkok RT/RW 02/01','Kibin','Serang','','','KLS12','JR1','','L','','','','','','','','','2018-04-22 00:00:00','Lulus','','Reguler Putra'),('1516.1.0046','0032176492','Rian Umbara','Bandung','2003-04-22 00:00:00',35,150,'O','','DN-30 Dd 0008309','','DN-30 Dd 0008309','','','','','Orang Tua','','Budi Kristiono','','','','','0','Rini Fatmawati','','','','','','','','','','','','','','Link. Winaya Pakupatan RT/RW 02/02','Cipocok Jaya','Kota Serang','','','KLS12','JR1','UM2','L','','','','','','','','','2018-04-22 00:00:00','Lulus','2015-06-14 00:00:00','Reguler Putra'),('1516.1.0047','0026319009','Muhamad Sahrozi','Serang','2003-05-18 00:00:00',40,153,'O','','DN-30 Dd 0097191','','DN-30 Dd 0097191','','','','','Orang Tua','','Fauzi','','','','','0','Siti Aminah','','','','','','','','','','','','','','Lingkungan Kepandean Ds. Kagungan Serang RT/RW. 02','Serang','Kota Serang','','','KLS12','JR1','US1','L','','','','','','','','','2018-04-22 00:00:00','Lulus','2015-06-14 00:00:00','Reguler Putra'),('1516.1.0048','0029651555','Sahrul Hadi','Serang','2003-04-17 00:00:00',0,0,'','','DN-30 Dd ','','DN-30 Dd ','','','','085966106040','Orang Tua','','Muhamad S','','','','','0','Sumyati','','','','','','','','','','','','','','Kp. Lemah Abang Desa Lebak Wana RT/RW 05/01','Kramat Watu','Serang','','','KLS11','JR1','US1','L','','','','','','','','','2018-04-22 00:00:00','Lulus','2015-06-14 00:00:00','Reguler Putra'),('1516.1.0049','0041752449','Salaakwan Hairawan','Cilegon','2003-07-12 00:00:00',0,0,'B+','','DN-30 Dd 0007362','','DN-30 Dd 0007362','','','','085946995939','Orang Tua','','Hairul Anam','','','','','0','Samhah','','','','','','','','','','','','','','Puri Citra A2/18 Desa. Pipitan RT/RW.21/06','Walantaka','Kota Serang','','','KLS11','JR1','UM2','L','','','','','','','','','2018-04-22 00:00:00','Lulus','2015-06-14 00:00:00','Reguler Putra'),('1516.1.0050','','Satrio Furqon Arrohman','Serang','2003-02-10 00:00:00',46,0,'A+','','DN-30 Dd 0004897','','DN-30 Dd 0034657402','','','','','Orang Tua','','Iyus Setiono','','','','','0','Erniasari','','','','','','','','','','','','','','Komp. Taman Widya Asri Blok FF No. 32','Taktakan','Kota Serang','','','KLS12','JR1','UM3','L','','','','','','','','','2018-04-22 00:00:00','Lulus','2015-06-14 00:00:00','Reguler Putra'),('1516.1.0051','0038267336','Muhammad Ryandi','Cilegon','2003-09-14 00:00:00',30,0,'O','','DN-30 Dd ','','DN-30 Dd ','','','','087774154167','Orang Tua','','Muhtar','','','','','0',' Yeni Mufdania','','','','','','','','','','','','','','Link. Gunung Asem Desa Lebak Denok RT/RW 08/04','Citangkil','Cilegon','','','KLS11','JR1','UM3','L','','','','','','','','','2018-04-22 00:00:00','Lulus','2015-06-14 00:00:00','Reguler Putra'),('1516.1.0052','0035591383','Bagus Rizki Sanjaya','Serang','2003-02-27 00:00:00',40,145,'O','','DN-30 Dd 0081154','','DN-30 Dd 0081154','','','','081906155397','Orang Tua','','Hasan ','','','','','0','Min\'ayati','','','','','','','','','','','','','','Kp. Sadang Baru Desa Barengkok RT/RW 03/01 ','Kibin','Serang','','','KLS12','JR1','UM2','L','','','','','','','','','2018-04-22 00:00:00','Lulus','2015-06-14 00:00:00','Reguler Putra'),('1516.1.0054','0039252424','Aisyah Amelia','Tangerang','2003-08-29 00:00:00',54,0,'AB','','MI 130010693','','MI 130018145','','','','081319741939','Orang Tua','','Amsar Wijaya Kusuma, S.Sos., M.M','','','','','0','Arsinah Arnawati, A.Ma','','','','','','','','','','','','','','Kp. Kalutuk Cikande Permai RT/RW 07/03','Cikande','Serang','','','KLS12','JR1','AR2','P','','','','','','','','','2018-04-22 00:00:00','Lulus','2015-06-14 00:00:00','Reguler Putri'),('1516.1.0056','0038109124','Enjelita Agustina','Serang','2003-08-22 00:00:00',50,0,'O','','DN-30 Dd 0008150','','DN-30 Dd 0008150','','','','','Orang Tua','','H. Kaerudin','','','','','0','Hj. Alpiah','','','','','','','','','','','','','','Kp. Ciwaru Wetan Desa Ciwaru RT/RW 02/06','Cipocok Jaya','Kota Serang','','','KLS12','JR1','FZ4','P','','','','','','','','','2018-04-22 00:00:00','Lulus','2015-06-14 00:00:00','Reguler Putri'),('1516.1.0057','0034880434','Nabila Balqis Ez-Zahra','Serang','2003-06-01 00:00:00',58,156,'A+','','MI 130010716','','MI 130018168','','','','','Orang Tua','','Ahmad Sujai, S.Ag','','','','','0','Masruroh','','','','','','','','','','','','','','Perum Griya Asri Blok c4/30 Desa. Cikande Kenari R','Cikande','Serang','','','KLS12','JR1','AR3','P','','','','','','','','','2018-04-22 00:00:00','Lulus','2015-06-14 00:00:00','Reguler Putri'),('1516.1.0058','0033814892','Nadia Mardiana','Serang','2002-11-17 00:00:00',35,0,'B+','','DN-30 Dd 0084704','','DN-30 Dd 0084704','','','','','Orang Tua','','Maman Badruzaman','Serang','','','Wiraswasta','0','Even Sunaesih','','','','IRT','Kp. Jaha Desa Baros','087741176500','','','','','','','','Kp. Jaha Desa Baros','Baros','Serang','','','KLS12','JR1','FZ4','P','SLTA','Baros','Serang','','','','','','2018-04-22 00:00:00','Lulus','2015-06-14 00:00:00','Reguler Putri'),('1516.1.0059','0036757414','Najwa Maghfira','Serang','2003-05-15 00:00:00',0,0,'','','DN-30 Dd 0000592','','DN-30 Dd 0000592','','','','','Orang Tua','','Edi Junaedi','Serang','1968-04-16 00:00:00','SLTA','PNS','0','Wiwit Akmalina','Sukabumi','1973-09-30 00:00:00','','IRT','Jl. KH. Jamhari No. 01','08815674011','','','','','','','','Jl. KH. Jamhari No. 01','Serang','Kota Serang','','','KLS12','JR1','AR3','P','SLTA','Serang','Kota Serang','','','','','','2018-04-22 00:00:00','Lulus','','Reguler Putri'),('1516.1.0060','0037362830','Nia Juniah','Serang','2002-06-14 00:00:00',0,0,'','','DN-30 Dd ','','DN-30 Dd ','','MTS AL-MUBAROK','','','Orang Tua','','Juid (Almarhum)','','','','','0','Wati Sumiyati','','','','','','','','','','','','','','Taman Banten Lestari RT/RW.03/25','Serang','Kota Serang','','','KLS12','JR1','AR1','P','','','','','','','','','2018-04-22 00:00:00','Lulus','2015-06-14 00:00:00','Reguler Putri'),('1516.1.0061','','Nurhayati','Serang ','2000-09-09 00:00:00',0,0,'','','DN-30 Dd ','','DN-30 Dd ','','','','087774824415','Orang Tua','','Surnaja','','','','','0','Humayah','','','','','','','','','','','','','',' Sukajadi, Desa. Keagungan, RT/RW. 02/11','Serang','Kota Serang','','','KLS12','JR1','AR1','P','','','','','','','','','2018-04-22 00:00:00','Lulus','2015-06-14 00:00:00','Reguler Putri'),('1516.1.0063','0033415940','Rani Nurcahyani','Serang','2003-05-03 00:00:00',55,0,'B+','','DN-30 Dd 0072447','','DN-30 Dd 0072447','','','','','Orang Tua','','Hasbunah','','','','','0','Mardiyah','','','','','','','','','','','','','','Kp. Beji Desa Bojonegara RT/RW 01/05 ','Bojonegara','Serang','','','KLS12','JR1','AR1','P','','','','','','','','','2018-04-22 00:00:00','Lulus','2015-06-14 00:00:00','Reguler Putri'),('1516.1.0064','0033737591','Tuti Handayani','Serang','2003-05-02 00:00:00',40,141,'AB','','DN-30 Dd 0010037','','DN-30 Dd 0010037','','','','','Orang Tua','','Supriyadi','','','','','0','Hadijah','','','','','','','','','','','','','','Pasir Gadung Ds. Cilowong RT/TW 12/06','Taktakan','Kota Serang','','','KLS12','JR1','AR2','P','','','','','','','','','2018-04-22 00:00:00','Lulus','2001-02-14 00:00:00','Reguler Putri'),('1516.1.0067','0034040940','Fadli Alpadilah','Serang','2003-06-04 00:00:00',0,0,'','','DN-30 Dd 0080438','','DN-30 Dd 0080438','','','','','Orang Tua','','Muhamad Dali','','','','','0','Adewiyah','','','','','','','','','','','','','','Kp. Saga Desa Sukatani RT/RW 02/01','Cikande','kabupaten serang ','','','KLS13','JR1','','L','','','','','','','','','2018-04-22 00:00:00','Lulus','','Reguler Putra'),('1516.1.0068','0033737952','Azzam Alfarisi','Tangerang','2003-03-08 00:00:00',0,0,'','','DN-30 Dd 0010533','','DN-30 Dd 0010533','','','','','Orang Tua','','Johar Arifin','','','','','0','Murdalifah','','','','','','','','','','','','','','Kp. Taman Sijaga RT. 01 RW. 08','Taktakan','Kota Serang','','','KLS13','JR1','','L','','','','','','','','','2018-04-22 00:00:00','Lulus','','Reguler Putra'),('1516.1.0070','0027212144','Muhamad Randy Almunazat','Serang','2002-11-01 00:00:00',0,0,'','','DN-30 Dd 0093160','','DN-30 Dd 0093160','','','','','Orang Tua','','Ahrum Arip Rusman','','','','','0','Ukar Karmila','','','','','','','','','','','','','','Anyer Kp. Salatur Ds. Cikoneng','Anyar','Serang','','','KLS13','JR1','','L','','','','','','','','','2018-04-22 00:00:00','Lulus','','Reguler Putra'),('1516.1.0071','','Muhammad Eki Romadhoni','Serang','2002-04-24 00:00:00',0,0,'','','','','','','','','','','','','','','','','0','','','','','','Kp. Sukabela RT/RW 01/01','','','','','','','','','Kp. Sukabela RT/RW 01/01','Serang','Serang','','','KLS23','JR5','','L','','Serang','Serang','','','','','','2021-04-10 00:00:00','Lulus','2017-07-15 00:00:00','Reguler Putra'),('1516.1.0072','','Rafli Maulana','Serang','2002-05-25 00:00:00',0,0,'','','DN-30 Dd ','','DN-30 Dd ','','','','','Orang Tua','','Muhsin ','','','','','0','Sanimah','','','','','','','','','','','','','','Bumi Sepang indah ','Taktakan','Kota Serang','','','KLS13','JR1','','L','','','','','','','','','2018-04-22 00:00:00','Lulus','','Reguler Putra'),('1516.1.0073','','Salwa Mahestu','Garut','2003-02-27 00:00:00',0,0,'','','DN-30 Dd ','','DN-30 Dd ','','','','087808774545','Orang Tua','','Supiudin','','','','','0','Yulis Nurhadiani','','','','','','087808774545','','','','','','','','Kav. Brimob Lontar Baru- Serang','Serang','Kota Serang','','','KLS13','JR1','','L','','','','','','','','','2018-04-22 00:00:00','Lulus','','Reguler Putra'),('1516.1.0074','0024697780','Aulia Rossa Althafanny','Cilegon','2002-10-02 00:00:00',0,0,'','','DN-30 Dd ','','DN-30 Dd ','','','','','Orang Tua','','Tubagus Sahroni','','','','','0','Susanti Mawar Aprilis','','','','','','','','','','','','','','Griya Praja Mandiri Ds. Cibeber. RT/RW. 03/07','Cibeber','Cilegon','','','KLS13','JR1','AR2','P','','','','','','','','','2018-04-22 00:00:00','Lulus','','Reguler Putri'),('1516.1.0075','','Erma Kurniawati','','',0,0,'','','','','','','','','','Orang Tua','','','','','','','0','','','','','','','','','','','','','','','','','','','','KLS13','JR1','KB4','P','','','','','','','','','2018-04-22 00:00:00','Lulus','','Reguler Putri'),('1516.1.0076','0030851579','Finda Firayani','Cilegon','2003-03-31 00:00:00',0,0,'','','MI 130003145','','MI 130001410','','','','','Orang Tua','','Fachrudin','','','','','0','Mulyati','','','','','','','','','','','','','','Link. Baru. Taman Sari RT/RW.04/04','Pulo Merak','Cilegon','','','KLS13','JR1','AR1','P','','','','','','','','','2018-04-22 00:00:00','Lulus','','Reguler Putri'),('1516.1.0077','0036757431','Firda Fikriya Agustin','Serang','2002-08-17 00:00:00',45,150,'B','','DN-30 Dd 0000582','','DN-30 Dd 0000582','','SDN Serang 7 / MTs Al-Mubarok','SMA Al-Mubarok','087778548887','Orang Tua','','Drs. Sarbani Amin','Cilegon','','S1','PNS','0','Eem','Cibaliung','','','Ibu Rumah Tangga','Kepandean, No 14 . RT 03/05 Kelurahan Serang ','087778548887','','','','','','','','Kepandean, No 14 . RT 03/05 Kelurahan Serang ','Serang','Serang','','','KLS21','JR3','','P','','Serang','Serang','','','','','','2021-04-10 00:00:00','Lulus','2018-07-14 00:00:00','Reguler Putri'),('1516.1.0078','0033995665','Fitri Mukhlisah','Serang','2003-03-20 00:00:00',0,0,'','','DN-30 Dd 0080741','','DN-30 Dd 0080741','','','','','Orang Tua','','Idis Wahyudin','','','','','0','Faozah','','','','','','','','','','','','','','Cikande Permai Blok T21/12 RT/RW. 04/09','Cikande','Serang','','','KLS13','JR1','AR2','P','','','','','','','','','2018-04-22 00:00:00','Lulus','','Reguler Putri'),('1516.1.0079','0034980333','Frisca Sefriarni','Klaten','2003-09-14 00:00:00',0,0,'','','DN-30 Dd 0009064','','DN-30 Dd 0009064','','SDIT NUR EL-QOLAM','','','Orang Tua','','Wahyudi','Klaten','1978-12-14 00:00:00','SMA','Karyawan Swasta','0','Kitem Sugiyanti','purwekerto','','','ibu rumah tangga','Graha Cisait Blok A 21/33 RT/RW 05/06 Cisait','087772936114','','','','','','','','Graha Cisait Blok A 21/33 RT/RW 05/06 Cisait','Kragilan','Serang','','','KLS13','JR1','AR3','P','SMA','Kragilan','Serang','','','','','','2018-04-22 00:00:00','Lulus','2015-06-14 00:00:00','Reguler Putri'),('1516.1.0080','0036917376','Ghaitsa Kanafika Maharani','Serang','2003-06-15 00:00:00',51,151,'','','DN-30 Dd 0004096','','DN-30 Dd 0004096','','MTs Al-Mubarok','SMA Al-Mubarok','087771303868','Orang Tua','','Alfi Zulhendry','bukittinggi, padang','1974-08-28 00:00:00','SMA','karyawan swasta','0','Rina Indriani','serang ','1978-03-30 00:00:00','','Ibu rumah tangga','Jl. Samaun Bakri Desa. Lopang Gede RT/RW. 05/01 ','087771303868','','','','','','','','Jl. Samaun Bakri Desa. Lopang Gede RT/RW. 05/01 ','Serang','Serang','','','KLS22','JR4','','P','SMA','Serang','Serang','','','','','','2021-04-10 00:00:00','Lulus','2018-07-14 00:00:00','Reguler Putri'),('1516.1.0081','','Hanny Andriyani','Cilegon','2003-03-27 00:00:00',0,0,'','','DN-30 Dd ','','DN-30 Dd ','','','','','Orang Tua','','Suhandri','','','','','0','Anisa Yullianti Triana','','','','','','','','','','','','','','Perumnas Cibeber Desa Cibeber','Serang','Kota Serang','','','KLS13','JR1','','P','','','','','','','','','2018-04-22 00:00:00','Lulus','','Reguler Putri'),('1516.1.0082','0036833536','Ivana Nurlestari','Serang','2003-07-21 00:00:00',0,0,'','','DN-30 Dd ','','DN-30 Dd ','','','','','Orang Tua','','Suwandi','','','','','0','Yunida','','','','','','','','','','','','','','Jl. Bayankara Sumur Pecung RT/RW 05/08','Serang','Kota Serang','','','KLS13','JR1','AR1','P','','','','','','','','','2018-04-22 00:00:00','Lulus','','Reguler Putri'),('1516.1.0083','0036934911','Indah Septi Lestari','Serang','2003-09-03 00:00:00',45,0,'','','DN-30 Dd 0000670','','DN-30 Dd 0000670','','SDN serang 9','SMA Al-Mubarok','08176685895','Orang Tua','','Hambali','SERANG','1975-03-13 00:00:00','SMA','Wiraswasta','0','Sumiyati','Padarincang','1982-07-14 00:00:00','','Ibu Rumah Tangga','Link. Cigabus Kaligandu RT/RW 04/02  ','08176685895','','','','','','','','Link. Cigabus Kaligandu RT/RW 04/02  ','Serang','Serang','','','KLS21','JR3','','P','','Serang','Serang','','','','','','2021-04-10 00:00:00','Lulus','2018-07-14 00:00:00','Reguler Putri'),('1516.1.0084','0040076638','Lusi Naura ','Cilegon','2004-01-02 00:00:00',0,0,'','','DN-30 Dd ','','DN-30 Dd ','','MTs Al-Mubarok','SMA Al-Mubarok','','Orang Tua','','Ridwan','Padang','1968-02-14 00:00:00','SMA','Wiraswasta','0','Yuli Marnis','Padang','','','Ibu Rumah Tangga','Cimuncang Sisomuncul RT/RW 02/20 ','087808935613','','','','','','','','Cimuncang Sisomuncul RT/RW 02/20 ','Serang','Serang','','','KLS21','JR3','','P','','Serang','Serang','','','','','','2021-04-10 00:00:00','Lulus','2018-07-14 00:00:00','Reguler Putri'),('1516.1.0085','0032556854','Nur Hasanah','Jakarta','2003-06-22 00:00:00',52,146,'','','DN-30 Dd ','','DN-30 Dd ','','MTs Al-Mubarok','SMA Al-Mubarok','','','','H. Abdul Salam','','','S1','Wiraswasta','0','Sariah','','','','Ibu Rumah Tangga','Jl. Janur Hijau 2 Desa Rawa Badak Utara RT/RW 03/1 ','081282403861','','','','','','','','Jl. Janur Hijau 2 Desa Rawa Badak Utara RT/RW 03/1','Koja','Jakarta Utara','','','KLS22','JR4','','P','','Koja','Jakarta Utara','','','','','','2021-04-10 00:00:00','Lulus','2018-07-14 00:00:00','Reguler Putri'),('1516.1.0086','0037592969','Nur Hodijahtun Nisa','Serang','2003-03-01 00:00:00',54,149,'','','DN-30 Dd ','','DN-30 Dd ','','MTs Al-Mubarok','SMA Al-Mubarok','','Orang Tua','','Agus Suprianda','Pontianak','1964-08-29 00:00:00','STM','Polisi','0','Erma Yulianti','Serang','1974-02-10 00:00:00','','Ibu Rumah Tangga','Kp. Ranca Lembang Desa Bandulu RT/RW 01/02  ','087888640521','','','','','','','','Kp. Ranca Lembang Desa Bandulu RT/RW 01/02  ','Anyar','Serang','','','KLS22','JR4','','P','S1','Anyar','Serang','','','','','','2021-04-10 00:00:00','Lulus','2018-07-14 00:00:00','Reguler Putri'),('1516.1.0087','0033977837','Siti Aisah','Serang','2003-03-13 00:00:00',0,0,'','','DN-30 Dd 0079615','','DN-30 Dd 0079615','','','','','Orang Tua','','Dahlan','','','','','0','Helmawati','','','','','','','','','','','','','','Kp. Pandan Desa Julang RT/RW 07/02','Cikande','Serang','','','KLS13','JR1','AR2','P','','','','','','','','','2018-04-22 00:00:00','Lulus','','Reguler Putri'),('1516.1.0088','','Dhiyaulhaq','','',0,0,'','','','','','','','','','','','','','','','','','','','','','','','','','','','','','','','Serang','Serang','Serang','','','KLS10','JR1','UM2','L','','','','','','','','','2018-04-22 00:00:00','Lulus','','Reguler Putra'),('1516.1.0089','0034694396','Adi Priyatna','Serang','2003-01-19 00:00:00',0,0,'','','','','','','','','','','','','','','','','0','','','','','','Kp. Jalumprit Desa Waringin Kurung RT/RW 03/01','','','','','','','','','Kp. Jalumprit Desa Waringin Kurung RT/RW 03/01','Waringin Kurung','Serang','','','KLS27','JR5','','L','','Waringin Kurung','Serang','','','','','','2019-02-04 00:00:00','Pindah','2016-07-16 00:00:00','Reguler Putri'),('1516.1.0090','','Dimas Akbar M','','',0,0,'','','','','','','','','','','','','','','','','','','','','','','','','','','','','','','','','','','','','KLS10','JR1','UM3','L','','','','','','','','','2018-04-22 00:00:00','Lulus','','Reguler Putra'),('1516.1.0091','','Tb. Muhamad Azril','pandeglang','2003-03-25 00:00:00',0,0,'B','','','','','','Mtsn 2 pandeglang','','','','','Tb juzany','pandeglang','','S1','wiraswasta','0','oom komariyah','caringin','','','ibu rumah tangga','labuan pndeglang','08777','','','','','','','','labuan pndeglang','labuan','pandeglang','','','KLS13','JR1','AB5','L','S1','labuan','pandeglang','','','','','','2018-04-22 00:00:00','Lulus','2017-07-06 00:00:00','Reguler Putra'),('1516.1.0092','','Faiz FAdhlurrohman','','',0,0,'','','','','','','','','','','','','','','','','','','','','','','','','','','','','','','','','','','','','KLS10','JR1','','L','','','','','','','','','2018-04-22 00:00:00','Lulus','','Reguler Putra'),('1516.1.0093','0035594973','Fajar Nur Muhamad','Serang','2003-04-20 00:00:00',59,154,'','','','','','','MTs Al-Mubarok','SMA Al-Mubarok','','Orang Tua','','Umar Sumardi','','','SMA','Wiraswasta','0','Wiwin Winengsih','','','','Wiraswasta','Kp. Panembong Curug','082310909102','','','','','','','','Kp. Panembong Curug','Kibin','Serang','','','KLS22','JR4','','L','SMA','Kibin','Serang','','','','','','2021-04-10 00:00:00','Lulus','2018-07-14 00:00:00','Reguler Putra'),('1516.1.0094','0039776326','MUHAMAD FIKIH SUHARMANTO','Serang','2003-11-15 00:00:00',45,152,'','','','','','','MTs Al-Mubarok','SMA Al-Mubarok','','','','Rusjana','Cirebon','','SD','Wiraswasta','0','Munifah','Serang','','','Ibu Rumah Tangga','Kp. Undar Andir RT/RW 01/01','','','','','','','','','Kp. Undar Andir RT/RW 01/01','Keragilan','Serang','','','KLS17','JR4','','L','SMP','Keragilan','Serang','','','','','','2019-07-28 00:00:00','Pindah','2018-07-14 00:00:00','Reguler Putra'),('1516.1.0102','','FUJI FAUZI','','',0,0,'','','','','','','','','','','','','','','','','','','','','','','','','','','','','','','','','','','','','KLS21','JR3','','L','','','','','','','','','2021-04-10 00:00:00','Lulus','',''),('1516.1.0103','','WULAN PURNAMA SARI','','',0,0,'','','','','','','','','','','','','','','','','','','','','','','','','','','','','','','','','','','','','KLS21','JR3','','L','','','','','','','','','2021-04-10 00:00:00','Lulus','',''),('1516.2.0001','0008286851','Ahmad Jamiluddin Fikri','SERANG','2000-09-05 00:00:00',0,0,'','','MTs  130032810','','DN-30 0141687       ','','','','','Orang Tua','','AHMAD FTHORI','','','SMA / sederajat','Wiraswasta','0','SURYATI','','','','Tidak bekerja','','','','','','','','','','JALAN RAYA KERAGILAN RT/RW 12/01 Kel. Sentul','','','','','KLS21','JR3','','L','D3','','','','','','','','2018-04-22 00:00:00','Lulus','','Reguler Putra'),('1516.2.0002','9992520444','Eki Rifat Sauqi','Serang','1999-12-07 00:00:00',0,0,'','','DN-30 DI 0056395','','DN-30 0056395       ','','','','','Orang Tua','','Drs. Maskhun MSI','','','','','0','Eroh Rohilah','','','','','','','','','','','','','','jl.raya anyer RT/RW 03/02 Kp. Libeurium Kel. Sangi','','','','','KLS21','JR3','','L','','','','','','','','','2018-04-22 00:00:00','Lulus','','Reguler Putra'),('1516.2.0003','0008437644','Fahmi Hadi','Serang','2000-05-12 00:00:00',0,0,'','','MTs 130032895','','DN-30 0141772       ','','','','','Orang Tua','','Ibrahim Yusuf','','','S1','Lainnya','0','Diah Yuhaeni','','','','Karyawan Swasta','','','','','','','','','','Jl raya Jakarta RT/RW 02/03 Kp. Gorda Kel. Gorda L','','','','','KLS21','JR3','','L','SMA / sederajat','','','','','','','','2018-04-22 00:00:00','Lulus','','Reguler Putra'),('1516.2.0004','0003361220','Hayatudin','Serang','2000-03-03 00:00:00',0,0,'','','MTs 130032842','','DN-30 0141719       ','','','','','Orang Tua','','H.ahmad suri','','','SMA / sederajat','Lainnya','0','Arkatul Muhaeminah','','','','Tidak bekerja','','','','','','','','','','Jl Raya Bojo Negara RT/RW 14/05 Kp. Kedung Ingas K','','','','','KLS21','JR3','','L','SMP / sederajat','','','','','','','','2018-04-22 00:00:00','Lulus','','Reguler Putra'),('1516.2.0005','0014820666','Kujeri','Serang','2001-06-20 00:00:00',0,0,'','','DN-13 DI 0047383','','DN-13 0039403       ','','','','','Orang Tua','','H. Markam','','','SMP / sederajat','Wiraswasta','0','Hj. Sulkah','','','','Tidak bekerja','','','','','','','','','','Jl.tirtayasa RT/RW 15/04 Kp. Baru Kel. Tanara Baru','','','','','KLS21','JR3','','L','SD / sederajat','','','','','','','','2018-04-22 00:00:00','Lulus','','Reguler Putra'),('1516.2.0006','0004016024','lazuardi zulkarnaen','Cilegon','2000-07-20 00:00:00',0,0,'','','MTs 130032000','','DN-30 0141737       ','','','','','Orang Tua','','H.asep Saefulloh','','','SMP / sederajat','Wiraswasta','0','Hj.Siti badriyah','','','','Wiraswasta','','','','','','','','','','Jl. Abdul Latif RT/RW 16/01 Kp. Palas Kel. Bendung','','','','','KLS21','JR3','','L','SMA / sederajat','','','','','','','','2018-04-22 00:00:00','Lulus','','Reguler Putra'),('1516.2.0007','0010072105','M. Ilham Rahmada','Bandar Lampung','2001-03-17 00:00:00',0,0,'','','MTs 1332869','','DN-30 0141746       ','','','','','Orang Tua','','Arie Kasim','','','','','0','Nurhayati','','','','','','','','','','','','','','Bandar Lampung Kel. Bandar','','','','','KLS21','JR3','','L','','','','','','','','','2018-04-22 00:00:00','Lulus','','Reguler Putra'),('1516.2.0008','9986488671','Oni Syahroni','Serang','1998-01-20 00:00:00',0,0,'','','DN-13 DI 0047411','','DN 13 0039431       ','','','','','Orang Tua','','H. Markam','','','SMP / sederajat','Wiraswasta','0','Hj. Sulkah','','','','','','','','','','','','','','Jl.tirtayasa RT/RW 15/04 Kp. Baru Kel. Tanara Baru','','','','','KLS21','JR3','','L','SD / sederajat','','','','','','','','2018-04-22 00:00:00','Lulus','','Reguler Putra'),('1516.2.0009','0005920165','Rizki Adi Saputra','Cilegon','2000-03-02 00:00:00',0,0,'','','MTs 130020146','','MTs 130023725       ','','','','','Orang Tua','','H.Saidin','','','SMA / sederajat','Wiraswasta','0','H. Saidin','','','','','','','','','','','','','','Jl.Raya Anyer Ling. Kerapcak Kel. Banjar Negara','','','','','KLS21','JR3','','L','','','','','','','','','2018-04-22 00:00:00','Lulus','','Reguler Putra'),('1516.2.0010','0008334505','Rizki Supriyadi','Serang','2000-10-18 00:00:00',0,0,'','','30 DI 0063416','','2-15-30-05-080-090-7','','','','','Orang Tua','','Suradi','','','SMA / sederajat','PNS/TNI/Polri','0','Rumhasanah','','','','Tidak bekerja','','','','','','','','','','Jl. raya Warung selikur RT/RW 09/02 Kp. Karang Jet','','','','','KLS21','JR3','','L','SD / sederajat','','','','','','','','2018-04-22 00:00:00','Lulus','','Reguler Putra'),('1516.2.0011','0007876670','Delis fatimatuzzahro','pandeglang','2000-03-13 00:00:00',0,0,'','','DN-30 DI 0066388','','2-15-30-00-000-000-0','','','','','Orang Tua','','H Udin saprudin','','','S1','PNS/TNI/Polri','0','HJ Ubed sabadriyah','','','','PNS/TNI/Polri','','','','','','','','','','jl.pasar mandalawangi RT/RW 05/02 Kel Mandalawangi','','','','','KLS21','JR3','AR1','P','S1','','','','','','','','2018-04-22 00:00:00','Lulus','','Reguler Putri'),('1516.2.0012','0001467614','Hilda Fauzia','Serang','2000-03-19 00:00:00',0,0,'','','MTs 130048339','','DN-30 DI 130048339  ','','','','','Orang Tua','','Rowasi','','','SMA / sederajat','Karyawan Swasta','0','Masfaratul laily','','','','Tidak bekerja','','','','','','','','','','Jl.Salira Indah RT/RW 07/07 Kp. Sumuranja Kel. Sum','','','','','KLS21','JR3','FZ1','P','SMP / sederajat','','','','','','','','2018-04-22 00:00:00','Lulus','','Reguler Putri'),('1516.2.0013','0000252647','Mia Aulia Karim','Cilegon','2000-03-09 00:00:00',0,0,'','','300035510','','2-15-30-00-000-000-0','','','','','Orang Tua','','H. Abdullah Bajawi','','','SMA / sederajat','Wiraswasta','0','Hj. Juhaenah','','','','','','','','','','','','','','jl. kedung kemiri ciwaduk cilegon RT.RW 02/02 Kel.','','','','','KLS21','JR3','FZ1','P','SMA / sederajat','','','','','','','','2018-04-22 00:00:00','Lulus','','Reguler Putri'),('1516.2.0014','0003074766','Nur Rizqi Khofifah','Tanggerang','2000-03-23 00:00:00',0,0,'','','DN-30 DI 0136036','','2-15-30-08-283-025-8','','','','','Orang Tua','','Mohamad Farhi,S.Pd.I S.Hi','','','S1','PNS/TNI/Polri','0','Sundusiah,S.Pd.I','','','','Lainnya','','','','','','','','','','Jl. Munjul Permai RT/RW 04/04 Kp. Munjul Kel. Munj','','','','','KLS21','JR3','FZ4','P','S1','','','','','','','','2018-04-22 00:00:00','Lulus','','Reguler Putri'),('1516.2.0015','0007638064','Okta Herliyana','Serang','2000-10-18 00:00:00',0,0,'','','MTs 130032840','','DN-30 0141717       ','','','','','Orang Tua','','Haerudin','','','','','0','Mastu Manah','','','','','','','','','','','','','','Jl Raya Anyer RT/RW 11/05 Kp. Sinapeul Kel. Banjar','','','','','KLS21','JR3','AR4','P','SMP / sederajat','','','','','','','','2018-04-22 00:00:00','Lulus','','Reguler Putri'),('1516.2.0016','9992105334','Selviana Rahayu','Serang','1999-08-19 00:00:00',0,0,'','','MTs 130032882','','DN-30 0141759       ','','','','','Orang Tua','','Sarmidi','','','SMA / sederajat','PNS/TNI/Polri','0','Susi Yati','','','','Sudah Meninggal','','','','','','','','','','Jl. Raya  petir RT/RW 01/04 Komp. Korem Kel. Cilak','','','','','KLS21','JR3','FZ1','P','','','','','','','','','2018-04-22 00:00:00','Lulus','','Reguler Putri'),('1516.2.0017','0004444162','Syifa Fauziyah','Serang','2000-04-09 00:00:00',0,0,'','','DN-30 DI 0055062','','DN -30 00 000000    ','','','','','Orang Tua','','arifudin bin madsari','','','Paket A','Buruh','0','Jumaroh','','','','','','','','','','','','','','jl.puloampel RT/RW 01/01 Kp. Ragassawuran Kel. Mar','','','','','KLS21','JR3','FZ4','P','SMA / sederajat','','','','','','','','2018-04-22 00:00:00','Lulus','','Reguler Putri'),('1516.2.0018','0004972130','Uswatun Hasanah','Serang','2000-08-14 00:00:00',0,0,'','','DN-30 DI 0055223','','2-15-30-05-008-190-3','','','','','Orang Tua','','Jamhari','','','SMA / sederajat','Buruh','0','Asmariyah','','','','','','','','','','','','','','Jl.Raya Puloampel RT/RW 14/04 Kp. Kembang Tanjung ','','','','','KLS21','JR3','KB3','P','SMP / sederajat','','','','','','','','2018-04-22 00:00:00','Lulus','','Reguler Putri'),('1516.2.0019','0008469396','Wilin Setia Ningrum Dwi Apriviadi','Serang','2000-04-11 00:00:00',0,0,'','','MTs 130037817','','DN-30 DI 0000000000 ','','','','','Orang Tua','','Sumardi','','','SMA / sederajat','Karyawan Swasta','0','Munjiah','','','','Karyawan Swasta','','','','','','','','','','Jl. Cilampang pasarau serag RT/RW 04/12 Kom. Bumi ','','','','','KLS21','JR3','KB2','P','SMA / sederajat','','','','','','','','2018-04-22 00:00:00','Lulus','','Reguler Putri'),('1516.2.0020','000-9675148','wulan Anggraeni','Lebak','2000-01-16 00:00:00',0,0,'','','','','','','','','085694908777','Orang Tua','','','','','','','0','','','','','','','','','','','','','','','Kp. Gunung Julang Desa Lebak Situ','Lebak Gedong','Rangkas Bitung','','','KLS21','JR3','AR1','P','','','','','','','','','2018-04-22 00:00:00','Lulus','','Reguler Putri'),('1516.2.0021','0005105092','Adib Khairul Umam','Serang','2000-01-24 00:00:00',0,0,'','','MTs 130032818','','DN-30 141695        ','','','','','Orang Tua','','KH.Saiman Al-Farisy.LMC.MA.SH','','','S2','Lainnya','0','Hj.Siti  Jubaedah','','','','','','087773779215','','','','','','','','Tirtayasa RT/RW 01/01 Kp. Tirtayasa Kel. Tirtayasa','','','','','KLS22','JR4','','L','SMP / sederajat','','','','','','','','2018-04-22 00:00:00','Lulus','','Reguler Putra'),('1516.2.0022','9998976725','Andika Ramadhan','serang','1999-12-10 00:00:00',0,0,'','','MTs 130032841','','DN-30 0141718       ','','','','','Orang Tua','','Andi Fatnadi','','','SMP / sederajat','Wiraswasta','0','St.Julaiha','','','','Tidak bekerja','','','','','','','','','','jl Raya Banten RT/RW 01/07 Kp. Cilampang Kel. Unyu','','','','','KLS22','JR4','','L','SD / sederajat','','','','','','','','2018-04-22 00:00:00','Lulus','','Reguler Putra'),('1516.2.0023','0009841823','Arif Julianto Wisesa','Serang','2000-07-25 00:00:00',0,0,'','','DN-30 DI 00000000','','DN-30 00000000      ','','','','','Orang Tua','','Edi Purwanto','','','D3','Karyawan Swasta','0','Hj. Iis Lugiawati','','','','','','','','','','','','','','Jl..keragilan RT/RW 01/12 Kp. Sentul Kel. Sentul','','','','','KLS22','JR4','','L','','','','','','','','','2018-04-22 00:00:00','Lulus','','Reguler Putra'),('1516.2.0024','9992084712','Asep Abdul Halim','Serang','1999-12-24 00:00:00',0,0,'','','DN-30 DI 0065969','','DN-30 0065969       ','','','','','Orang Tua','','H.DUDUNG','','','SMA / sederajat','Wiraswasta','0','HJ.JANATI','','','','','','','','','','','','','','jl.baros RT/RW 05/06 Kp. Sading Kel. Sading','','','','','KLS22','JR4','','L','','','','','','','','','2018-04-22 00:00:00','Lulus','','Reguler Putra'),('1516.2.0025','','Deni Rizki','','',0,0,'','','','','','','','','','Orang Tua','','hudari','','','','','0','sabihah','','','','','','082111150471','','','','','','','','','','','','','KLS23','JR4','','L','','','','','','','','','2018-04-22 00:00:00','Lulus','','Reguler Putra'),('1516.2.0026','0004970117','Eka Surya Gunawan','Rangkasbitung','2000-04-29 00:00:00',0,0,'','','MTs 130032886','','DN-30 0141763       ','','','','','Orang Tua','','Beni setiawan','','','','','0','Sunarti','','','','','','','','','','','','','','BAP. Blok D29 No.12 RT/RW 05/14 Kaligandu','','','','','KLS22','JR4','','L','','','','','','','','','2018-04-22 00:00:00','Lulus','','Reguler Putra');
/*!40000 ALTER TABLE `dbo.M_Siswa` ENABLE KEYS */;
UNLOCK TABLES;

--
-- Table structure for table `dbo.M_Siswa_Delete`
--

DROP TABLE IF EXISTS `dbo.M_Siswa_Delete`;
/*!40101 SET @saved_cs_client     = @@character_set_client */;
/*!40101 SET character_set_client = utf8 */;
CREATE TABLE `dbo.M_Siswa_Delete` (
  `NoInduk` varchar(0) DEFAULT NULL,
  `NISN` varchar(0) DEFAULT NULL,
  `Nama` varchar(0) DEFAULT NULL,
  `TempatLahir` varchar(0) DEFAULT NULL,
  `TanggalLahir` varchar(0) DEFAULT NULL,
  `BeratBadan` varchar(0) DEFAULT NULL,
  `TinggiBadan` varchar(0) DEFAULT NULL,
  `GolDarah` varchar(0) DEFAULT NULL,
  `JarakRumah` varchar(0) DEFAULT NULL,
  `NomorIjazah` varchar(0) DEFAULT NULL,
  `TglIjazah` varchar(0) DEFAULT NULL,
  `NomorSKHUN` varchar(0) DEFAULT NULL,
  `TglSKHUN` varchar(0) DEFAULT NULL,
  `AsalSekolah` varchar(0) DEFAULT NULL,
  `SekolahTujuan` varchar(0) DEFAULT NULL,
  `NoHP` varchar(0) DEFAULT NULL,
  `TinggalDengan` varchar(0) DEFAULT NULL,
  `NoKK` varchar(0) DEFAULT NULL,
  `NAyah` varchar(0) DEFAULT NULL,
  `TempatLahirAyah` varchar(0) DEFAULT NULL,
  `TglLahirAyah` varchar(0) DEFAULT NULL,
  `PendidikanAyah` varchar(0) DEFAULT NULL,
  `PekerjaanAyah` varchar(0) DEFAULT NULL,
  `PenghasilanOrtu` varchar(0) DEFAULT NULL,
  `NIbu` varchar(0) DEFAULT NULL,
  `TempatLahirIbu` varchar(0) DEFAULT NULL,
  `TglLahirIbu` varchar(0) DEFAULT NULL,
  `Pendidikan` varchar(0) DEFAULT NULL,
  `PekerjaanIbu` varchar(0) DEFAULT NULL,
  `AlamatOrtu` varchar(0) DEFAULT NULL,
  `NoHPOrtu` varchar(0) DEFAULT NULL,
  `NWali` varchar(0) DEFAULT NULL,
  `TampatLahirWali` varchar(0) DEFAULT NULL,
  `TglLahirWali` varchar(0) DEFAULT NULL,
  `PendidikanWali` varchar(0) DEFAULT NULL,
  `PekerjaanWali` varchar(0) DEFAULT NULL,
  `HubunganWali` varchar(0) DEFAULT NULL,
  `NoHPWali` varchar(0) DEFAULT NULL,
  `Alamat` varchar(0) DEFAULT NULL,
  `Kecamatan` varchar(0) DEFAULT NULL,
  `Kota` varchar(0) DEFAULT NULL,
  `Provinsi` varchar(0) DEFAULT NULL,
  `Foto` varchar(0) DEFAULT NULL,
  `Kelas` varchar(0) DEFAULT NULL,
  `Jurusan` varchar(0) DEFAULT NULL,
  `Kamar` varchar(0) DEFAULT NULL,
  `JKelamin` varchar(0) DEFAULT NULL,
  `PendidikanIbu` varchar(0) DEFAULT NULL,
  `KecOrtu` varchar(0) DEFAULT NULL,
  `KotaOrtu` varchar(0) DEFAULT NULL,
  `ProvinsiOrtu` varchar(0) DEFAULT NULL,
  `AlamatWali` varchar(0) DEFAULT NULL,
  `KecWali` varchar(0) DEFAULT NULL,
  `KotaWali` varchar(0) DEFAULT NULL,
  `ProvinsiWali` varchar(0) DEFAULT NULL,
  `TglKeluar` varchar(0) DEFAULT NULL,
  `KeteranganKeluar` varchar(0) DEFAULT NULL,
  `TglMasuk` varchar(0) DEFAULT NULL,
  `JenisSPP` varchar(0) DEFAULT NULL
) ENGINE=InnoDB DEFAULT CHARSET=utf8mb4;
/*!40101 SET character_set_client = @saved_cs_client */;

--
-- Dumping data for table `dbo.M_Siswa_Delete`
--

LOCK TABLES `dbo.M_Siswa_Delete` WRITE;
/*!40000 ALTER TABLE `dbo.M_Siswa_Delete` DISABLE KEYS */;
/*!40000 ALTER TABLE `dbo.M_Siswa_Delete` ENABLE KEYS */;
UNLOCK TABLES;

--
-- Table structure for table `dbo.M_SumberBuku`
--

DROP TABLE IF EXISTS `dbo.M_SumberBuku`;
/*!40101 SET @saved_cs_client     = @@character_set_client */;
/*!40101 SET character_set_client = utf8 */;
CREATE TABLE `dbo.M_SumberBuku` (
  `IDSumber` varchar(4) DEFAULT NULL,
  `SumberBuku` varchar(19) DEFAULT NULL
) ENGINE=InnoDB DEFAULT CHARSET=utf8mb4;
/*!40101 SET character_set_client = @saved_cs_client */;

--
-- Dumping data for table `dbo.M_SumberBuku`
--

LOCK TABLES `dbo.M_SumberBuku` WRITE;
/*!40000 ALTER TABLE `dbo.M_SumberBuku` DISABLE KEYS */;
INSERT INTO `dbo.M_SumberBuku` VALUES ('SMB1','Bantuan'),('SMB2','Pembelian/Pengadaan'),('SMB3','Sumbangan Guru');
/*!40000 ALTER TABLE `dbo.M_SumberBuku` ENABLE KEYS */;
UNLOCK TABLES;

--
-- Table structure for table `dbo.M_TahunAjaran`
--

DROP TABLE IF EXISTS `dbo.M_TahunAjaran`;
/*!40101 SET @saved_cs_client     = @@character_set_client */;
/*!40101 SET character_set_client = utf8 */;
CREATE TABLE `dbo.M_TahunAjaran` (
  `TahunAjaran` smallint(6) DEFAULT NULL,
  `Status` varchar(1) DEFAULT NULL,
  `Keterangan` varchar(27) DEFAULT NULL,
  `Bulan` tinyint(4) DEFAULT NULL
) ENGINE=InnoDB DEFAULT CHARSET=utf8mb4;
/*!40101 SET character_set_client = @saved_cs_client */;

--
-- Dumping data for table `dbo.M_TahunAjaran`
--

LOCK TABLES `dbo.M_TahunAjaran` WRITE;
/*!40000 ALTER TABLE `dbo.M_TahunAjaran` DISABLE KEYS */;
INSERT INTO `dbo.M_TahunAjaran` VALUES (2018,'F','Tahun Ajaran 2018/2019',8),(2019,'F','Tahun Ajaran 2019/2020',8),(2020,'F','Tahun Ajaran Baru 2020/2021',8),(2021,'F','Tahun Ajaran 2021/2022',8),(2022,'T','Tahun Ajaran 2022-2023',7),(2017,'F','Tahun Ajaran Baru 2017/2018',8),(2016,'F','Tahun Ajaran Baru 2016/2017',7);
/*!40000 ALTER TABLE `dbo.M_TahunAjaran` ENABLE KEYS */;
UNLOCK TABLES;

--
-- Table structure for table `dbo.M_TahunDaftar`
--

DROP TABLE IF EXISTS `dbo.M_TahunDaftar`;
/*!40101 SET @saved_cs_client     = @@character_set_client */;
/*!40101 SET character_set_client = utf8 */;
CREATE TABLE `dbo.M_TahunDaftar` (
  `TahunAjaran` smallint(6) DEFAULT NULL,
  `Status` varchar(1) DEFAULT NULL,
  `NomorTahun` smallint(6) DEFAULT NULL
) ENGINE=InnoDB DEFAULT CHARSET=utf8mb4;
/*!40101 SET character_set_client = @saved_cs_client */;

--
-- Dumping data for table `dbo.M_TahunDaftar`
--

LOCK TABLES `dbo.M_TahunDaftar` WRITE;
/*!40000 ALTER TABLE `dbo.M_TahunDaftar` DISABLE KEYS */;
INSERT INTO `dbo.M_TahunDaftar` VALUES (2018,'F',2019),(2019,'F',2020),(2020,'F',2021),(2021,'T',2022);
/*!40000 ALTER TABLE `dbo.M_TahunDaftar` ENABLE KEYS */;
UNLOCK TABLES;

--
-- Table structure for table `dbo.Otoritas`
--

DROP TABLE IF EXISTS `dbo.Otoritas`;
/*!40101 SET @saved_cs_client     = @@character_set_client */;
/*!40101 SET character_set_client = utf8 */;
CREATE TABLE `dbo.Otoritas` (
  `kode` tinyint(4) DEFAULT NULL,
  `otoritas` varchar(13) DEFAULT NULL
) ENGINE=InnoDB DEFAULT CHARSET=utf8mb4;
/*!40101 SET character_set_client = @saved_cs_client */;

--
-- Dumping data for table `dbo.Otoritas`
--

LOCK TABLES `dbo.Otoritas` WRITE;
/*!40000 ALTER TABLE `dbo.Otoritas` DISABLE KEYS */;
INSERT INTO `dbo.Otoritas` VALUES (0,'Administrator'),(1,'Sekretaris'),(2,'Bendahara'),(3,'Pelayanan'),(4,'Pengasuhan'),(5,'Perijinan'),(6,'Perpustakaan'),(7,'Tabsis'),(8,'TU');
/*!40000 ALTER TABLE `dbo.Otoritas` ENABLE KEYS */;
UNLOCK TABLES;

--
-- Table structure for table `dbo.PemasukanSantri`
--

DROP TABLE IF EXISTS `dbo.PemasukanSantri`;
/*!40101 SET @saved_cs_client     = @@character_set_client */;
/*!40101 SET character_set_client = utf8 */;
CREATE TABLE `dbo.PemasukanSantri` (
  `KodeTrans` varchar(9) DEFAULT NULL,
  `KodeJurnal` smallint(6) DEFAULT NULL,
  `Nilai` int(11) DEFAULT NULL,
  `TahunAjaran` varchar(4) DEFAULT NULL,
  `Keterangan` varchar(13) DEFAULT NULL,
  `Kategori` varchar(12) DEFAULT NULL,
  `Aktif` varchar(1) DEFAULT NULL
) ENGINE=InnoDB DEFAULT CHARSET=utf8mb4;
/*!40101 SET character_set_client = @saved_cs_client */;

--
-- Dumping data for table `dbo.PemasukanSantri`
--

LOCK TABLES `dbo.PemasukanSantri` WRITE;
/*!40000 ALTER TABLE `dbo.PemasukanSantri` DISABLE KEYS */;
INSERT INTO `dbo.PemasukanSantri` VALUES ('550118001',5501,750000,'2018','Reguler Putra','Bulanan',''),('Trans2',5502,850000,'','Unggulan','Bulanan','F'),('550218001',5502,800000,'2018','Reguler Putri','Bulanan',''),('Trans14',5527,750000,'2017','Reguler Putri','Bulanan','F'),('Trans15',5528,650000,'2017','Reguler Putra','Bulanan','F'),('550418001',5504,4650000,'2018','Reguler Putra','Daftar Ulang',''),('550518001',5505,4750000,'2018','Reguler Putri','Daftar Ulang',''),('550818001',5508,1200000,'2018','','Angsuran',''),('550918001',5509,3500000,'2018','Reguler Putra','Angsuran',''),('551018001',5510,3800000,'2018','','Angsuran',''),('550718001',5507,5000000,'2018','Lanjutkan','Daftar Ulang',''),('550119001',5501,750000,'2019','Reguler Putra','Bulanan',''),('550219001',5502,800000,'2019','Reguler Putri','Bulanan',''),('550419001',5504,4900000,'2019','Reguler Putra','Daftar Ulang',''),('550519001',5505,5000000,'2019','Reguler Putri','Daftar Ulang',''),('550719001',5507,5250000,'2019','Reguler Putri','Daftar Ulang',''),('550719002',5507,5150000,'2019','Reguler Putra','Daftar Ulang',''),('550120001',5501,800000,'2020','Reguler Putra','Bulanan',''),('550220001',5502,800000,'2020','Reguler Putri','Bulanan',''),('550420001',5504,5000000,'2020','Reguler Putra','Daftar Ulang',''),('550520001',5505,5000000,'2020','Reguler Putri','Daftar Ulang',''),('550720001',5507,5250000,'2020','Reguler Putra','Daftar Ulang',''),('550720002',5507,5250000,'2020','Reguler Putri','Daftar Ulang',''),('550121001',5501,800000,'2021','Reguler Putra','Bulanan',''),('550221001',5502,800000,'2021','Reguler Putri','Bulanan',''),('550421001',5504,5250000,'2021','Reguler Putra','Daftar Ulang',''),('550521001',5505,5250000,'2021','Reguler Putri','Daftar Ulang',''),('550721001',5507,5000000,'2021','Lanjutkan','Daftar Ulang',''),('550122001',5501,850000,'2022','Reguler Putra','Bulanan',''),('550222001',5502,850000,'2022','Reguler Putri','Bulanan',''),('550422001',5504,5400000,'2022','Reguler Putra','Daftar Ulang',''),('550522001',5505,5400000,'2022','Reguler Putri','Daftar Ulang',''),('550722001',5507,5100000,'2022','Lanjutkan','Daftar Ulang',''),('Trans5',5504,3780000,'2017','Reguler Putri','Daftar Ulang','F'),('Trans4',5505,4000000,'2017','Reguler Putra','Daftar Ulang','F'),('Trans6',5506,4580000,'2017','Unggulan','Daftar Ulang','F'),('Trans7',5512,4500000,'2017','','Daftar Ulang','F'),('Trans8',5507,8000000,'2017','Reguler Putra','Angsuran','F'),('Trans9',5508,9700000,'2017','','Angsuran','F'),('Trans10',5509,1250000,'2017','','Angsuran','F'),('Trans11',5510,3250000,'2017','','Angsuran','F'),('Trans12',5511,3500000,'2017','','Angsuran','F');
/*!40000 ALTER TABLE `dbo.PemasukanSantri` ENABLE KEYS */;
UNLOCK TABLES;

--
-- Table structure for table `dbo.PendaftaranBayar`
--

DROP TABLE IF EXISTS `dbo.PendaftaranBayar`;
/*!40101 SET @saved_cs_client     = @@character_set_client */;
/*!40101 SET character_set_client = utf8 */;
CREATE TABLE `dbo.PendaftaranBayar` (
  `NoBukti` varchar(15) DEFAULT NULL,
  `Tanggal` varchar(19) DEFAULT NULL,
  `NoPendaftaran` varchar(12) DEFAULT NULL,
  `Nilai` int(11) DEFAULT NULL,
  `PembayaranKe` tinyint(4) DEFAULT NULL,
  `UserID` varchar(26) DEFAULT NULL,
  `TahunDaftar` smallint(6) DEFAULT NULL
) ENGINE=InnoDB DEFAULT CHARSET=utf8mb4;
/*!40101 SET character_set_client = @saved_cs_client */;

--
-- Dumping data for table `dbo.PendaftaranBayar`
--

LOCK TABLES `dbo.PendaftaranBayar` WRITE;
/*!40000 ALTER TABLE `dbo.PendaftaranBayar` DISABLE KEYS */;
INSERT INTO `dbo.PendaftaranBayar` VALUES ('2018/04/BD/0001','2018-04-01 00:00:00','T1.1819.0064',1000000,1,'Sobihah, S.Pd.I',2018),('2018/04/BD/0052','2018-04-30 00:00:00','T1.1819.0080',1000000,1,'Meisya Lisse F.A, SE',2018),('2018/01/BD/0007','2018-01-20 00:00:00','T2.1819.0002',1000000,1,'Sobihah, S.Pd.I',2018),('2018/01/BD/0005','2018-01-20 00:00:00','T1.1819.0007',1000000,1,'Sobihah, S.Pd.I',2018),('2018/01/BD/0008','2018-01-21 00:00:00','T1.1819.0014',1000000,1,'Meisya Lisse F.A, SE',2018),('2018/04/BD/0053','2018-04-30 00:00:00','T3.1819.0011',2000000,1,'Meisya Lisse F.A, SE',2018),('2018/01/BD/0010','2018-01-22 00:00:00','T1.1819.0008',1000000,1,'Bety',2018),('2018/01/BD/0011','2018-01-22 00:00:00','T1.1819.0009',500000,1,'Bety',2018),('2018/01/BD/0012','2018-01-22 00:00:00','T1.1819.0010',1000000,1,'Bety',2018),('2018/01/BD/0013','2018-01-22 00:00:00','T1.1819.0013',1000000,1,'Bety',2018),('2018/01/BD/0014','2018-01-22 00:00:00','T1.1819.0019',1000000,1,'Meisya Lisse F.A, SE',2018),('2018/04/BD/0002','2018-04-01 00:00:00','T1.1819.0065',1000000,1,'Sobihah, S.Pd.I',2018),('2018/01/BD/0016','2018-01-23 00:00:00','T1.1819.0011',1000000,1,'Bety',2018),('2018/01/BD/0017','2018-01-25 00:00:00','T1.1819.0015',1000000,1,'Bety',2018),('2018/01/BD/0018','2018-01-25 00:00:00','T1.1819.0021',1000000,1,'Sobihah, S.Pd.I',2018),('2018/01/BD/0019','2018-01-27 00:00:00','T1.1819.0022',1000000,1,'Bety',2018),('2018/04/BD/0005','2018-04-01 00:00:00','T1.1819.0068',5000000,1,'Meisya Lisse F.A, SE',2018),('2018/01/BD/0021','2018-01-28 00:00:00','T1.1819.0024',1000000,1,'Bety',2018),('2018/01/BD/0022','2018-01-28 00:00:00','T3.1819.0001',1000000,1,'Sobihah, S.Pd.I',2018),('2018/01/BD/0023','2018-01-28 00:00:00','T1.1819.0025',1000000,1,'Bety',2018),('2018/01/BD/0024','2018-01-28 00:00:00','T1.1819.0026',1000000,1,'Bety',2018),('2018/01/BD/0025','2018-01-28 00:00:00','T1.1819.0027',1000000,1,'Bety',2018),('2018/01/BD/0029','2018-01-29 00:00:00','T3.1819.0003',1000000,1,'Bety',2018),('2018/03/BD/0011','2018-03-10 00:00:00','T1.1819.0050',2000000,1,'Bety',2018),('2018/01/BD/0031','2018-01-31 00:00:00','T1.1819.0029',2750000,1,'Meisya Lisse F.A, SE',2018),('2018/02/BD/0001','2018-02-01 00:00:00','T3.1819.0002',1000000,1,'Bety',2018),('2018/02/BD/0002','2018-02-03 00:00:00','T1.1819.0030',1000000,1,'Sobihah, S.Pd.I',2018),('2018/02/BD/0004','2018-02-03 00:00:00','T2.1819.0007',1000000,1,'Sobihah, S.Pd.I',2018),('2018/02/BD/0005','2018-02-04 00:00:00','T1.1819.0016',1000000,1,'Sobihah, S.Pd.I',2018),('2018/02/BD/0006','2018-02-04 00:00:00','T1.1819.0018',10000000,1,'Meisya Lisse F.A, SE',2018),('2018/02/BD/0007','2018-02-04 00:00:00','T1.1819.0028',1000000,1,'Meisya Lisse F.A, SE',2018),('2018/02/BD/0009','2018-02-05 00:00:00','T1.1819.0035',1000000,1,'Meisya Lisse F.A, SE',2018),('2018/02/BD/0010','2018-02-05 00:00:00','T1.1819.0017',10000000,1,'Sobihah, S.Pd.I',2018),('2018/02/BD/0011','2018-01-20 00:00:00','T2.1819.0001',1000000,1,'Meisya Lisse F.A, SE',2018),('2018/04/BD/0006','2018-04-01 00:00:00','T3.1819.0008',3500000,1,'Meisya Lisse F.A, SE',2018),('2018/02/BD/0012','2018-02-07 00:00:00','T1.1819.0036',5000000,1,'Bety',2018),('2018/02/BD/0013','2018-02-07 00:00:00','T1.1819.0037',1000000,1,'Meisya Lisse F.A, SE',2018),('2018/02/BD/0014','2018-02-08 00:00:00','T1.1819.0035',9000000,2,'Meisya Lisse F.A, SE',2018),('2018/02/BD/0015','2018-02-13 00:00:00','T2.1819.0008',3850000,1,'Meisya Lisse F.A, SE',2018),('2018/02/BD/0016','2018-02-16 00:00:00','T1.1819.0038',0,1,'Sobihah, S.Pd.I',2018),('2018/02/BD/0017','2018-02-18 00:00:00','T2.1819.0003',1200000,1,'Sobihah, S.Pd.I',2018),('2018/02/BD/0018','2018-02-19 00:00:00','T1.1819.0032',2000000,1,'Bety',2018),('2018/02/BD/0019','2018-02-21 00:00:00','T1.1819.0044',8700000,1,'Sobihah, S.Pd.I',2018),('2018/02/BD/0020','2018-02-22 00:00:00','T1.1819.0045',2000000,1,'Meisya Lisse F.A, SE',2018),('2018/02/BD/0021','2018-02-24 00:00:00','T1.1819.0021',500000,2,'Sobihah, S.Pd.I',2018),('2018/02/BD/0022','2018-02-25 00:00:00','T1.1819.0041',1000000,1,'Sobihah, S.Pd.I',2018),('2018/02/BD/0023','2018-02-25 00:00:00','T1.1819.0025',7700000,2,'Bety',2018),('2018/02/BD/0024','2018-02-26 00:00:00','T1.1819.0043',1000000,1,'Bety',2018),('2018/02/BD/0025','2018-02-26 00:00:00','T1.1819.0043',9000000,2,'Bety',2018),('2018/03/BD/0001','2018-03-01 00:00:00','T1.1819.0045',8000000,2,'Meisya Lisse F.A, SE',2018),('2018/03/BD/0002','2018-03-04 00:00:00','T1.1819.0024',9000000,2,'Bety',2018),('2018/03/BD/0006','2018-03-06 00:00:00','T1.1819.0051',2000000,1,'Sobihah, S.Pd.I',2018),('2018/03/BD/0007','2018-03-06 00:00:00','T1.1819.0052',2000000,1,'Sobihah, S.Pd.I',2018),('2018/03/BD/0008','2018-03-07 00:00:00','T1.1819.0015',9000000,2,'Bety',2018),('2018/03/BD/0009','2018-01-30 00:00:00','T3.1819.0003',4000000,2,'Bety',2018),('2018/03/BD/0009','2018-01-29 00:00:00','T2.1819.0005',1000000,1,'Meisya Lisse F.A, SE',2018),('2018/03/BD/0009','2018-03-08 00:00:00','T1.1819.0042',10000000,1,'Bety',2018),('2018/03/BD/0010','2018-03-08 00:00:00','T1.1819.0019',7700000,2,'Sobihah, S.Pd.I',2018),('2018/03/BD/0012','2018-03-10 00:00:00','T1.1819.0014',7700000,2,'Bety',2018),('2018/03/BD/0013','2018-03-10 00:00:00','T1.1819.0054',1000000,1,'Bety',2018),('2018/03/BD/0014','2018-03-11 00:00:00','T2.1819.0009',3000000,1,'Sobihah, S.Pd.I',2018),('2018/03/BD/0015','2018-03-11 00:00:00','T1.1819.0053',5700000,1,'Sobihah, S.Pd.I',2018),('2018/03/BD/0016','2018-03-11 00:00:00','T1.1819.0053',3000000,2,'Sobihah, S.Pd.I',2018),('2018/03/BD/0017','2018-03-11 00:00:00','T1.1819.0055',1000000,1,'Sobihah, S.Pd.I',2018),('2018/03/BD/0018','2018-03-11 00:00:00','T1.1819.0056',3000000,1,'Sobihah, S.Pd.I',2018),('2018/03/BD/0019','2018-03-11 00:00:00','T1.1819.0057',1500000,1,'Sobihah, S.Pd.I',2018),('2018/03/BD/0020','2018-03-11 00:00:00','T2.1819.0010',1000000,1,'Sobihah, S.Pd.I',2018),('2018/03/BD/0021','2018-03-11 00:00:00','T1.1819.0058',1000000,1,'Sobihah, S.Pd.I',2018),('2018/03/BD/0022','2018-03-13 00:00:00','T1.1819.0059',1000000,1,'Meisya Lisse F.A, SE',2018),('2018/03/BD/0023','2018-03-16 00:00:00','T2.1819.0006',5000000,1,'Bety',2018),('2018/03/BD/0024','2018-03-16 00:00:00','T2.1819.0006',700000,2,'Bety',2018),('2018/03/BD/0025','2018-03-16 00:00:00','T3.1819.0005',5000000,1,'Bety',2018),('2018/04/BD/0012','2018-01-20 00:00:00','T1.1819.0006',1000000,1,'Sobihah, S.Pd.I',2018),('2018/03/BD/0027','2018-03-17 00:00:00','T3.1819.0006',1000000,1,'Meisya Lisse F.A, SE',2018),('2018/03/BD/0028','2018-03-17 00:00:00','T3.1819.0001',9000000,2,'Meisya Lisse F.A, SE',2018),('2018/03/BD/0029','2018-03-17 00:00:00','T2.1819.0005',9000000,2,'Meisya Lisse F.A, SE',2018),('2018/03/BD/0030','2018-03-17 00:00:00','T1.1819.0008',5000000,2,'Meisya Lisse F.A, SE',2018),('2018/03/BD/0031','2018-03-17 00:00:00','T1.1819.0048',1500000,2,'Meisya Lisse F.A, SE',2018),('2018/03/BD/0032','2018-03-18 00:00:00','T1.1819.0007',7700000,2,'Bety',2018),('2018/03/BD/0034','2018-03-18 00:00:00','T2.1819.0009',5700000,2,'Bety',2018),('2018/03/BD/0035','2018-03-18 00:00:00','T1.1819.0055',7700000,2,'Bety',2018),('2018/03/BD/0038','2018-03-18 00:00:00','T1.1819.0031',7700000,2,'Bety',2018),('2018/03/BD/0039','2018-03-19 00:00:00','T1.1819.0062',10000000,1,'Sobihah, S.Pd.I',2018),('2018/03/BD/0040','2018-03-19 00:00:00','T3.1819.0002',9000000,2,'Sobihah, S.Pd.I',2018),('2018/03/BD/0042','2018-03-19 00:00:00','T1.1819.0010',5000000,2,'Sobihah, S.Pd.I',2018),('2018/03/BD/0043','2018-03-20 00:00:00','T1.1819.0032',4000000,2,'Meisya Lisse F.A, SE',2018),('2018/03/BD/0047','2018-03-20 00:00:00','T1.1819.0041',7700000,2,'Meisya Lisse F.A, SE',2018),('2018/03/BD/0048','2018-03-21 00:00:00','T1.1819.0020',4000000,2,'Sobihah, S.Pd.I',2018),('2018/03/BD/0049','2018-03-21 00:00:00','T1.1819.0010',2700000,3,'Sobihah, S.Pd.I',2018),('2018/03/BD/0050','2018-03-22 00:00:00','T1.1819.0052',8000000,2,'Sobihah, S.Pd.I',2018),('2018/03/BD/0051','2018-03-22 00:00:00','T1.1819.0051',8000000,2,'Sobihah, S.Pd.I',2018),('2018/03/BD/0052','2018-03-23 00:00:00','T1.1819.0060',4000000,1,'Meisya Lisse F.A, SE',2018),('2018/03/BD/0053','2018-03-24 00:00:00','T1.1819.0004',7700000,2,'Meisya Lisse F.A, SE',2018),('2018/03/BD/0033','2018-03-18 00:00:00','T1.1819.0037',5000000,2,'Sobihah, S.Pd.I',2018),('2018/03/BD/0036','2018-03-18 00:00:00','T1.1819.0057',7200000,2,'Sobihah, S.Pd.I',2018),('2018/03/BD/0041','2018-03-19 00:00:00','T1.1819.0037',4000000,3,'Meisya Lisse F.A, SE',2018),('2018/03/BD/0044','2018-03-20 00:00:00','T1.1819.0016',6700000,2,'Sobihah, S.Pd.I',2018),('2018/03/BD/0045','2018-03-20 00:00:00','T2.1819.0010',4000000,3,'Sobihah, S.Pd.I',2018),('2018/04/BD/0050','2018-04-29 00:00:00','T1.1819.0103',1000000,1,'Meisya Lisse F.A, SE',2018),('2018/03/BD/0055','2018-03-26 00:00:00','T2.1819.0003',5000000,2,'Sobihah, S.Pd.I',2018);
/*!40000 ALTER TABLE `dbo.PendaftaranBayar` ENABLE KEYS */;
UNLOCK TABLES;

--
-- Table structure for table `dbo.T_Absensi`
--

DROP TABLE IF EXISTS `dbo.T_Absensi`;
/*!40101 SET @saved_cs_client     = @@character_set_client */;
/*!40101 SET character_set_client = utf8 */;
CREATE TABLE `dbo.T_Absensi` (
  `Tanggal` varchar(19) DEFAULT NULL,
  `NoInduk` varchar(11) DEFAULT NULL,
  `Absensi` varchar(5) DEFAULT NULL,
  `Kelas` varchar(5) DEFAULT NULL
) ENGINE=InnoDB DEFAULT CHARSET=utf8mb4;
/*!40101 SET character_set_client = @saved_cs_client */;

--
-- Dumping data for table `dbo.T_Absensi`
--

LOCK TABLES `dbo.T_Absensi` WRITE;
/*!40000 ALTER TABLE `dbo.T_Absensi` DISABLE KEYS */;
INSERT INTO `dbo.T_Absensi` VALUES ('2018-01-08 00:00:00','1718.1.0001','Hadir','KLS1'),('2018-01-08 00:00:00','1718.1.0002','Hadir','KLS1'),('2018-01-08 00:00:00','1718.1.0003','Hadir','KLS1'),('2018-01-08 00:00:00','1718.1.0004','Hadir','KLS1'),('2018-01-08 00:00:00','1718.1.0005','Hadir','KLS1'),('2018-01-08 00:00:00','1718.1.0006','Hadir','KLS1'),('2018-01-08 00:00:00','1718.1.0007','Hadir','KLS1'),('2018-01-08 00:00:00','1718.1.0008','Hadir','KLS1'),('2018-01-08 00:00:00','1718.1.0009','Hadir','KLS1'),('2018-01-08 00:00:00','1718.1.0010','Hadir','KLS1'),('2018-01-08 00:00:00','1718.1.0012','Hadir','KLS1'),('2018-01-08 00:00:00','1718.1.0013','Hadir','KLS1'),('2018-01-08 00:00:00','1718.1.0014','Hadir','KLS1'),('2018-01-08 00:00:00','1718.1.0015','Hadir','KLS1'),('2018-01-08 00:00:00','1718.1.0016','Hadir','KLS1'),('2018-01-08 00:00:00','1718.1.0017','Hadir','KLS1'),('2018-01-08 00:00:00','1718.1.0018','Hadir','KLS1'),('2018-01-08 00:00:00','1718.1.0019','Hadir','KLS1'),('2018-01-08 00:00:00','1718.1.0020','Hadir','KLS1'),('2018-01-08 00:00:00','1718.1.0021','Hadir','KLS1'),('2018-01-08 00:00:00','1718.1.0022','Hadir','KLS1'),('2018-01-08 00:00:00','1718.1.0023','Hadir','KLS1'),('2018-01-08 00:00:00','1718.1.0024','Hadir','KLS1'),('2018-01-08 00:00:00','1718.1.0025','Hadir','KLS1'),('2018-01-08 00:00:00','1718.1.0026','Hadir','KLS1'),('2018-01-08 00:00:00','1718.1.0027','Hadir','KLS1'),('2018-01-08 00:00:00','1718.1.0028','Hadir','KLS1'),('2018-01-08 00:00:00','1718.1.0030','Hadir','KLS1'),('2018-01-08 00:00:00','1718.1.0031','Hadir','KLS1'),('2018-01-08 00:00:00','1718.1.0032','Hadir','KLS1'),('2018-01-08 00:00:00','1718.1.0033','Hadir','KLS1'),('2018-01-08 00:00:00','1718.1.0104','Hadir','KLS1'),('2018-01-08 00:00:00','1718.1.0130','Hadir','KLS1'),('2018-01-08 00:00:00','1718.1.0172','Hadir','KLS1'),('2018-01-08 00:00:00','1718.1.0174','Hadir','KLS1'),('2018-01-09 00:00:00','1718.1.0001','Hadir','KLS1'),('2018-01-09 00:00:00','1718.1.0002','Hadir','KLS1'),('2018-01-09 00:00:00','1718.1.0003','Hadir','KLS1'),('2018-01-09 00:00:00','1718.1.0004','Hadir','KLS1'),('2018-01-09 00:00:00','1718.1.0005','Hadir','KLS1'),('2018-01-09 00:00:00','1718.1.0006','Hadir','KLS1'),('2018-01-09 00:00:00','1718.1.0007','Hadir','KLS1'),('2018-01-09 00:00:00','1718.1.0008','Hadir','KLS1'),('2018-01-09 00:00:00','1718.1.0009','Hadir','KLS1'),('2018-01-09 00:00:00','1718.1.0010','Hadir','KLS1'),('2018-01-09 00:00:00','1718.1.0012','Hadir','KLS1'),('2018-01-09 00:00:00','1718.1.0013','Hadir','KLS1'),('2018-01-09 00:00:00','1718.1.0014','Hadir','KLS1'),('2018-01-09 00:00:00','1718.1.0015','Hadir','KLS1'),('2018-01-09 00:00:00','1718.1.0016','Hadir','KLS1'),('2018-01-09 00:00:00','1718.1.0017','Hadir','KLS1'),('2018-01-09 00:00:00','1718.1.0018','Hadir','KLS1'),('2018-01-09 00:00:00','1718.1.0019','Hadir','KLS1'),('2018-01-09 00:00:00','1718.1.0020','Hadir','KLS1'),('2018-01-09 00:00:00','1718.1.0021','Hadir','KLS1'),('2018-01-09 00:00:00','1718.1.0022','Hadir','KLS1'),('2018-01-09 00:00:00','1718.1.0023','Hadir','KLS1'),('2018-01-09 00:00:00','1718.1.0024','Hadir','KLS1'),('2018-01-09 00:00:00','1718.1.0025','Hadir','KLS1'),('2018-01-09 00:00:00','1718.1.0026','Hadir','KLS1'),('2018-01-09 00:00:00','1718.1.0027','Hadir','KLS1'),('2018-01-09 00:00:00','1718.1.0028','Hadir','KLS1'),('2018-01-09 00:00:00','1718.1.0030','Hadir','KLS1'),('2018-01-09 00:00:00','1718.1.0031','Hadir','KLS1'),('2018-01-09 00:00:00','1718.1.0032','Hadir','KLS1'),('2018-01-09 00:00:00','1718.1.0033','Hadir','KLS1'),('2018-01-09 00:00:00','1718.1.0104','Ijin','KLS1'),('2018-01-09 00:00:00','1718.1.0130','Hadir','KLS1'),('2018-01-09 00:00:00','1718.1.0172','Hadir','KLS1'),('2018-01-09 00:00:00','1718.1.0174','Hadir','KLS1'),('2018-01-10 00:00:00','1718.1.0001','Hadir','KLS1'),('2018-01-10 00:00:00','1718.1.0002','Hadir','KLS1'),('2018-01-10 00:00:00','1718.1.0003','Hadir','KLS1'),('2018-01-10 00:00:00','1718.1.0004','Hadir','KLS1'),('2018-01-10 00:00:00','1718.1.0005','Hadir','KLS1'),('2018-01-10 00:00:00','1718.1.0006','Hadir','KLS1'),('2018-01-10 00:00:00','1718.1.0007','Hadir','KLS1'),('2018-01-10 00:00:00','1718.1.0008','Hadir','KLS1'),('2018-01-10 00:00:00','1718.1.0009','Hadir','KLS1'),('2018-01-10 00:00:00','1718.1.0010','Hadir','KLS1'),('2018-01-10 00:00:00','1718.1.0012','Hadir','KLS1'),('2018-01-10 00:00:00','1718.1.0013','Hadir','KLS1'),('2018-01-10 00:00:00','1718.1.0014','Hadir','KLS1'),('2018-01-10 00:00:00','1718.1.0015','Hadir','KLS1'),('2018-01-10 00:00:00','1718.1.0016','Hadir','KLS1'),('2018-01-10 00:00:00','1718.1.0017','Hadir','KLS1'),('2018-01-10 00:00:00','1718.1.0018','Hadir','KLS1'),('2018-01-10 00:00:00','1718.1.0019','Hadir','KLS1'),('2018-01-10 00:00:00','1718.1.0020','Hadir','KLS1'),('2018-01-10 00:00:00','1718.1.0021','Hadir','KLS1'),('2018-01-10 00:00:00','1718.1.0022','Hadir','KLS1'),('2018-01-10 00:00:00','1718.1.0023','Hadir','KLS1'),('2018-01-10 00:00:00','1718.1.0024','Hadir','KLS1'),('2018-01-10 00:00:00','1718.1.0025','Hadir','KLS1'),('2018-01-10 00:00:00','1718.1.0026','Hadir','KLS1'),('2018-01-10 00:00:00','1718.1.0027','Hadir','KLS1'),('2018-01-10 00:00:00','1718.1.0028','Hadir','KLS1'),('2018-01-10 00:00:00','1718.1.0030','Sakit','KLS1'),('2018-01-10 00:00:00','1718.1.0031','Hadir','KLS1'),('2018-01-10 00:00:00','1718.1.0032','Hadir','KLS1');
/*!40000 ALTER TABLE `dbo.T_Absensi` ENABLE KEYS */;
UNLOCK TABLES;

--
-- Table structure for table `dbo.T_AbsensiGuru`
--

DROP TABLE IF EXISTS `dbo.T_AbsensiGuru`;
/*!40101 SET @saved_cs_client     = @@character_set_client */;
/*!40101 SET character_set_client = utf8 */;
CREATE TABLE `dbo.T_AbsensiGuru` (
  `Tanggal` varchar(19) DEFAULT NULL,
  `NIP` bigint(20) DEFAULT NULL,
  `Absensi` tinyint(4) DEFAULT NULL,
  `Kelas` varchar(5) DEFAULT NULL
) ENGINE=InnoDB DEFAULT CHARSET=utf8mb4;
/*!40101 SET character_set_client = @saved_cs_client */;

--
-- Dumping data for table `dbo.T_AbsensiGuru`
--

LOCK TABLES `dbo.T_AbsensiGuru` WRITE;
/*!40000 ALTER TABLE `dbo.T_AbsensiGuru` DISABLE KEYS */;
INSERT INTO `dbo.T_AbsensiGuru` VALUES ('2019-01-17 00:00:00',17,2,'KLS10'),('2019-01-17 00:00:00',25,3,'KLS17'),('2019-01-17 00:00:00',20,2,'KLS17'),('2019-01-22 00:00:00',20,3,'KLS11'),('2019-02-25 00:00:00',20,1,'KLS1'),('2019-02-25 00:00:00',20,2,'KLS10'),('2021-06-25 00:00:00',68,1,'KLS1'),('2022-01-21 00:00:00',21,2,'KLS13'),('2022-06-02 00:00:00',101997020,1,'KLS1'),('2019-01-17 00:00:00',20,1,'KLS15'),('2017-09-09 00:00:00',19910720035,1,'KLS22'),('2017-09-12 00:00:00',19910720035,2,'KLS21'),('2017-09-13 00:00:00',19910720035,5,'KLS23'),('2017-10-03 00:00:00',20,2,'KLS21'),('2017-09-15 00:00:00',19910720035,3,'KLS24'),('2017-09-16 00:00:00',19910720035,1,'KLS22'),('2017-08-01 00:00:00',19910720035,2,'KLS21'),('2017-08-04 00:00:00',19910720035,3,'KLS24'),('2017-08-05 00:00:00',19910720035,1,'KLS22'),('2017-08-08 00:00:00',19910720035,2,'KLS21'),('2017-08-09 00:00:00',19910720035,5,'KLS23'),('2017-08-01 00:00:00',19910720035,2,'KLS21'),('2017-08-02 00:00:00',19910720035,5,'KLS23'),('2017-08-11 00:00:00',19910720035,3,'KLS24'),('2017-08-12 00:00:00',19910720035,1,'KLS22'),('2017-09-01 00:00:00',19910720035,3,'KLS24'),('2017-09-01 00:00:00',19910720035,3,'KLS24'),('2017-09-02 00:00:00',19910720035,1,'KLS22'),('2017-09-05 00:00:00',19910720035,2,'KLS21'),('2017-09-06 00:00:00',19910720035,5,'KLS23'),('2017-09-08 00:00:00',19910720035,3,'KLS24'),('2017-09-19 00:00:00',19910720035,2,'KLS21'),('2017-09-29 00:00:00',19910720035,3,'KLS24'),('2017-09-30 00:00:00',19910720035,1,'KLS22'),('2017-11-11 00:00:00',22,4,'KLS23'),('2017-11-11 00:00:00',22,5,'KLS23'),('2017-11-01 00:00:00',18,1,'KLS20'),('2017-11-01 00:00:00',51,2,'KLS20'),('2017-11-01 00:00:00',14,4,'KLS20'),('2017-11-01 00:00:00',55,5,'KLS15'),('2017-11-01 00:00:00',14,5,'KLS19'),('2017-11-01 00:00:00',16,5,'KLS17'),('2017-11-01 00:00:00',52,4,'KLS22'),('2017-11-01 00:00:00',48,1,'KLS1'),('2017-11-01 00:00:00',54,5,'KLS1'),('2017-11-01 00:00:00',54,4,'KLS2'),('2017-11-01 00:00:00',54,3,'KLS3'),('2017-11-01 00:00:00',54,2,'KLS4'),('2017-11-01 00:00:00',34,2,'KLS11'),('2017-11-01 00:00:00',34,4,'KLS6'),('2017-11-01 00:00:00',52,2,'KLS12'),('2017-11-01 00:00:00',52,1,'KLS11'),('2017-11-01 00:00:00',52,5,'KLS13'),('2017-11-01 00:00:00',53,5,'KLS12'),('2017-11-01 00:00:00',53,2,'KLS13'),('2017-11-02 00:00:00',59,1,'KLS2'),('2017-11-02 00:00:00',59,5,'KLS3'),('2017-11-02 00:00:00',59,4,'KLS13'),('2017-11-02 00:00:00',53,5,'KLS4'),('2017-11-02 00:00:00',57,5,'KLS8'),('2017-11-02 00:00:00',18,5,'KLS11'),('2017-11-02 00:00:00',58,5,'KLS13'),('2017-11-06 00:00:00',19,5,'KLS11'),('2017-11-06 00:00:00',57,5,'KLS2'),('2017-11-06 00:00:00',62,5,'KLS8'),('2017-11-06 00:00:00',35,1,'KLS18'),('2017-11-06 00:00:00',35,3,'KLS22'),('2017-11-06 00:00:00',55,5,'KLS18'),('2017-11-04 00:00:00',60,1,'KLS9'),('2017-11-04 00:00:00',60,2,'KLS8'),('2017-11-04 00:00:00',60,4,'KLS7'),('2017-11-04 00:00:00',60,5,'KLS6'),('2017-11-04 00:00:00',58,3,'KLS12'),('2017-11-04 00:00:00',58,5,'KLS10'),('2017-11-04 00:00:00',61,2,'KLS24'),('2017-11-04 00:00:00',61,3,'KLS20'),('2017-11-04 00:00:00',61,5,'KLS14'),('2017-11-04 00:00:00',38,4,'KLS20'),('2017-11-07 00:00:00',15,4,'KLS24'),('2017-11-07 00:00:00',62,4,'KLS1'),('2017-11-07 00:00:00',62,2,'KLS3'),('2017-11-09 00:00:00',62,4,'KLS6'),('2017-11-09 00:00:00',62,2,'KLS7'),('2017-11-09 00:00:00',62,3,'KLS1'),('2017-11-09 00:00:00',67,3,'KLS2'),('2017-11-09 00:00:00',68,4,'KLS14'),('2017-11-09 00:00:00',68,3,'KLS15'),('2017-11-09 00:00:00',26,4,'KLS7'),('2017-11-09 00:00:00',58,3,'KLS11'),('2017-11-09 00:00:00',58,5,'KLS13'),('2017-11-11 00:00:00',16,4,'KLS15'),('2017-11-11 00:00:00',2,1,'KLS20'),('2017-11-11 00:00:00',2,2,'KLS19'),('2017-11-11 00:00:00',2,3,'KLS18'),('2017-11-11 00:00:00',2,4,'KLS14'),('2017-11-11 00:00:00',2,5,'KLS21'),('2017-11-10 00:00:00',53,5,'KLS8'),('2017-11-10 00:00:00',3,3,'KLS12'),('2017-11-10 00:00:00',18,3,'KLS13'),('2017-11-10 00:00:00',18,5,'KLS18');
/*!40000 ALTER TABLE `dbo.T_AbsensiGuru` ENABLE KEYS */;
UNLOCK TABLES;

--
-- Table structure for table `dbo.T_BerkasPendaftaran`
--

DROP TABLE IF EXISTS `dbo.T_BerkasPendaftaran`;
/*!40101 SET @saved_cs_client     = @@character_set_client */;
/*!40101 SET character_set_client = utf8 */;
CREATE TABLE `dbo.T_BerkasPendaftaran` (
  `NoBukti` varchar(15) DEFAULT NULL,
  `Tanggal` varchar(19) DEFAULT NULL,
  `NoPendaftaran` varchar(12) DEFAULT NULL,
  `JenisBerkas` varchar(4) DEFAULT NULL,
  `NamaFile` varchar(19) DEFAULT NULL
) ENGINE=InnoDB DEFAULT CHARSET=utf8mb4;
/*!40101 SET character_set_client = @saved_cs_client */;

--
-- Dumping data for table `dbo.T_BerkasPendaftaran`
--

LOCK TABLES `dbo.T_BerkasPendaftaran` WRITE;
/*!40000 ALTER TABLE `dbo.T_BerkasPendaftaran` DISABLE KEYS */;
INSERT INTO `dbo.T_BerkasPendaftaran` VALUES ('1819.1.0001B010','2018-01-12 00:00:00','T1.1819.0001','B010','1819.1.0001B010.jpg'),('1819.1.0005B006','2018-01-23 00:00:00','T1.1819.0005','B006','1819.1.0005B006.jpg'),('1819.1.0005B007','2018-01-23 00:00:00','T1.1819.0005','B007','1819.1.0005B007.jpg'),('1819.1.0006B006','2018-01-23 00:00:00','T1.1819.0006','B006','1819.1.0006B006.jpg'),('1819.1.0006B007','2018-01-23 00:00:00','T1.1819.0006','B007','1819.1.0006B007.jpg'),('1819.1.0006B008','2018-01-23 00:00:00','T1.1819.0006','B008','1819.1.0006B008.jpg'),('1819.1.0032B007','2018-02-04 00:00:00','T1.1819.0032','B007','1819.1.0032B007.jpg'),('1819.1.0032B008','2018-02-04 00:00:00','T1.1819.0005','B008','1819.1.0032B008.jpg'),('1920.1.0002B010','2019-01-18 00:00:00','T1.1920.0002','B010','1920.1.0002B010.jpg');
/*!40000 ALTER TABLE `dbo.T_BerkasPendaftaran` ENABLE KEYS */;
UNLOCK TABLES;

--
-- Table structure for table `dbo.T_BukuMasuk`
--

DROP TABLE IF EXISTS `dbo.T_BukuMasuk`;
/*!40101 SET @saved_cs_client     = @@character_set_client */;
/*!40101 SET character_set_client = utf8 */;
CREATE TABLE `dbo.T_BukuMasuk` (
  `IDTrans` varchar(0) DEFAULT NULL,
  `Tanggal` varchar(0) DEFAULT NULL,
  `IDBuku` varchar(0) DEFAULT NULL,
  `Jumlah` varchar(0) DEFAULT NULL,
  `IDSumber` varchar(0) DEFAULT NULL
) ENGINE=InnoDB DEFAULT CHARSET=utf8mb4;
/*!40101 SET character_set_client = @saved_cs_client */;

--
-- Dumping data for table `dbo.T_BukuMasuk`
--

LOCK TABLES `dbo.T_BukuMasuk` WRITE;
/*!40000 ALTER TABLE `dbo.T_BukuMasuk` DISABLE KEYS */;
/*!40000 ALTER TABLE `dbo.T_BukuMasuk` ENABLE KEYS */;
UNLOCK TABLES;

--
-- Table structure for table `dbo.T_Clossing`
--

DROP TABLE IF EXISTS `dbo.T_Clossing`;
/*!40101 SET @saved_cs_client     = @@character_set_client */;
/*!40101 SET character_set_client = utf8 */;
CREATE TABLE `dbo.T_Clossing` (
  `ID` varchar(0) DEFAULT NULL,
  `tanggal1` varchar(0) DEFAULT NULL,
  `tanggal2` varchar(0) DEFAULT NULL,
  `KasLalu` varchar(0) DEFAULT NULL,
  `KasMasuk` varchar(0) DEFAULT NULL,
  `KasKeluar` varchar(0) DEFAULT NULL,
  `SaldoAktual` varchar(0) DEFAULT NULL
) ENGINE=InnoDB DEFAULT CHARSET=utf8mb4;
/*!40101 SET character_set_client = @saved_cs_client */;

--
-- Dumping data for table `dbo.T_Clossing`
--

LOCK TABLES `dbo.T_Clossing` WRITE;
/*!40000 ALTER TABLE `dbo.T_Clossing` DISABLE KEYS */;
/*!40000 ALTER TABLE `dbo.T_Clossing` ENABLE KEYS */;
UNLOCK TABLES;

--
-- Table structure for table `dbo.T_Clossing_Detail`
--

DROP TABLE IF EXISTS `dbo.T_Clossing_Detail`;
/*!40101 SET @saved_cs_client     = @@character_set_client */;
/*!40101 SET character_set_client = utf8 */;
CREATE TABLE `dbo.T_Clossing_Detail` (
  `ID` tinyint(4) DEFAULT NULL,
  `Kode` smallint(6) DEFAULT NULL,
  `Uraian` varchar(49) DEFAULT NULL,
  `KasMasuk` int(11) DEFAULT NULL,
  `KasKeluar` int(11) DEFAULT NULL
) ENGINE=InnoDB DEFAULT CHARSET=utf8mb4;
/*!40101 SET character_set_client = @saved_cs_client */;

--
-- Dumping data for table `dbo.T_Clossing_Detail`
--

LOCK TABLES `dbo.T_Clossing_Detail` WRITE;
/*!40000 ALTER TABLE `dbo.T_Clossing_Detail` DISABLE KEYS */;
INSERT INTO `dbo.T_Clossing_Detail` VALUES (1,5505,'Daftar Ulang Putra',92250000,0),(1,5504,'Daftar Ulang Putri Reguler',54820000,0),(1,5506,'Daftar Ulang Unggulan',11070000,0),(1,5512,'Daftar Ulang yang Melanjutkan',800000,0),(1,5513,'Pemasukan lain-lain',4110000,0),(1,5521,'Pengembalian Kasbon Guru & Karyawan',11770000,0),(1,5522,'Saldo Kas Bulan Juli 2017',386239000,0),(1,5501,'SPP Reguler',128410000,0),(1,5502,'SPP Unggulan',38250000,0),(1,5525,'Tunggakan Daftar Ulang SMA Tahun Ajaran 2016/2017',380000,0),(1,5518,'Tunggakan SPP MTs Tahun Ajaran 2016/2017',4670000,0),(1,5519,'Tunggakan SPP SMA Tahun Ajaran 2016/2017',22630000,0),(1,5520,'Tunggakan SPP SMK Tahun Ajaran 2016/2017',2240000,0),(1,8801,'Kebutuhan Pondok',0,159419000),(1,8802,'Kasbon Guru',0,6100000),(1,8803,'Kebutuhan MTs',0,21936500),(1,8804,'Kebutuhan SMA',0,16924000),(1,8805,'Kebutuhan SMK',0,14321500),(1,8806,'Kebutuhan Umum',0,101588000),(1,8807,'Kasbon Karyawan',0,10750000),(1,8808,'Kasbon Karyawan Loundry',0,2350000),(1,8809,'Setoran Ke Pimpinan',0,331130000);
/*!40000 ALTER TABLE `dbo.T_Clossing_Detail` ENABLE KEYS */;
UNLOCK TABLES;

--
-- Table structure for table `dbo.T_Ijin`
--

DROP TABLE IF EXISTS `dbo.T_Ijin`;
/*!40101 SET @saved_cs_client     = @@character_set_client */;
/*!40101 SET character_set_client = utf8 */;
CREATE TABLE `dbo.T_Ijin` (
  `IDTrans` varchar(15) DEFAULT NULL,
  `Tanggal` varchar(19) DEFAULT NULL,
  `NoInduk` varchar(11) DEFAULT NULL,
  `Jenis` varchar(6) DEFAULT NULL,
  `IjinDari` varchar(19) DEFAULT NULL,
  `IjinSampai` varchar(19) DEFAULT NULL,
  `Tujuan` varchar(35) DEFAULT NULL,
  `Keterangan` varchar(34) DEFAULT NULL,
  `Penjemput` varchar(17) DEFAULT NULL,
  `LamaJam` varchar(0) DEFAULT NULL,
  `LamaHari` varchar(0) DEFAULT NULL,
  `Kedatangan` varchar(19) DEFAULT NULL,
  `AktualJam` varchar(0) DEFAULT NULL,
  `AktualHari` varchar(0) DEFAULT NULL,
  `KeterlambatanJam` varchar(0) DEFAULT NULL,
  `KeterlambatanHari` varchar(0) DEFAULT NULL,
  `TahunAjaran` varchar(4) DEFAULT NULL,
  `denda` varchar(0) DEFAULT NULL
) ENGINE=InnoDB DEFAULT CHARSET=utf8mb4;
/*!40101 SET character_set_client = @saved_cs_client */;

--
-- Dumping data for table `dbo.T_Ijin`
--

LOCK TABLES `dbo.T_Ijin` WRITE;
/*!40000 ALTER TABLE `dbo.T_Ijin` DISABLE KEYS */;
INSERT INTO `dbo.T_Ijin` VALUES ('2010/01/IJ/0001','2010-11-12 00:00:00','1718.1.0103','Pulang','2017-10-14 13:00:00','2017-10-15 17:00:00','anyar menes','berobat','orang tua (ibu)','','','2017-10-20 18:56:26','','','','','2017',''),('2010/01/IJ/0002','2010-11-12 00:00:00','1516.1.0091','Pulang','2017-10-14 13:30:00','2017-10-15 17:00:00','labuan','berobat','','','','2017-10-20 18:56:47','','','','','2017',''),('2010/01/IJ/0003','2010-11-12 00:00:00','1718.1.0137','Keluar','2017-10-14 02:05:32','2017-10-15 17:00:00','pandeglang','beroat','orang tua','','','2017-11-11 15:31:58','','','','','2017',''),('2010/01/IJ/0004','2010-11-12 00:00:00','1718.1.0075','Pulang','2017-10-18 19:00:00','2017-10-19 17:00:00','cilegon','berobat','orang tua (bapak)','','','2017-11-06 22:57:53','','','','','2017',''),('2010/01/IJ/0005','2010-11-13 00:00:00','1718.1.0075','Pulang','2017-10-19 01:29:31','2017-10-22 01:29:31','cilegon','berobat','orang tua ','','','2017-11-10 14:28:11','','','','','2017',''),('2010/01/IJ/0006','2010-11-13 00:00:00','1718.1.0086','Pulang','2017-10-19 01:34:00','2017-10-22 01:34:00','cilegon','berobat','orang tua','','','2017-11-10 15:48:05','','','','','2017',''),('2010/01/IJ/0007','2010-11-12 00:00:00','1718.1.0149','Pulang','2010-11-12 01:29:15','2010-11-14 17:00:00','Bekasi','Berobat','Ibu','','','2017-11-07 15:54:08','','','','','2017',''),('2010/01/IJ/0008','2010-11-18 00:00:00','1516.2.0030','Keluar','2010-11-18 12:30:00','2010-11-18 15:00:00','pasar rau','membeli keperluan amesco','','','','2017-12-14 12:58:41','','','','','2017',''),('2017/01/IJ/0001','2017-11-01 00:00:00','1718.3.0020','Keluar','2017-11-01 15:35:43','2017-11-01 17:00:00','Rau','Beli Celana Pramuk','','','','2017-11-11 15:35:37','','','','','2017',''),('2017/01/IJ/0002','2017-11-01 00:00:00','1718.3.0021','Keluar','2017-11-01 15:36:36','2017-11-01 17:00:00','Rau','Beli Celana Pramuk','','','','2017-11-11 15:36:46','','','','','2017',''),('2017/01/IJ/0003','2017-11-01 00:00:00','1617.3.0007','Keluar','2017-11-01 15:44:20','2017-11-01 17:00:00','Depan','Urut','','','','2017-11-11 15:36:52','','','','','2017',''),('2017/01/IJ/0004','2017-11-01 00:00:00','1617.3.0008','Keluar','2017-11-01 15:45:36','2017-11-01 17:00:00','Depan','Urut','','','','2017-11-11 15:36:59','','','','','2017',''),('2017/01/IJ/0005','2017-11-02 00:00:00','1617.2.0064','Pulang','2017-11-02 14:25:00','2017-11-04 17:00:00','Menes','Berobat','Ibu','','','2018-01-17 17:01:42','','','','','2017',''),('2017/01/IJ/0006','2017-11-02 00:00:00','1617.1.0035','Keluar','2017-11-02 14:40:38','2017-11-02 17:00:00','Depan','Berobat dan Beli Sepatu','Ibu','','','2017-11-11 15:37:04','','','','','2017',''),('2017/01/IJ/0007','2017-11-03 00:00:00','1718.2.0012','Pulang','2017-11-03 15:35:19','2017-11-05 17:00:00','Tanara','Berobat','Paman','','','2017-12-14 13:11:41','','','','','2017',''),('2017/01/IJ/0008','2017-11-03 00:00:00','1516.1.0009','Keluar','2017-11-03 15:39:12','2017-11-03 17:00:00','Rau','Beli Sarung dan Peci','','','','2017-11-11 15:37:10','','','','','2017',''),('2017/01/IJ/0009','2017-11-03 00:00:00','1516.1.0026','Keluar','2017-11-03 15:40:33','2017-11-03 17:00:00','Rau','Beli Sarung','','','','2017-11-11 15:37:17','','','','','2017',''),('2017/01/IJ/0010','2017-11-03 00:00:00','1718.2.0036','Pulang','2017-11-03 15:46:11','2017-11-05 15:46:11','Tanara','Berobat','kaka','','','2017-12-14 13:12:56','','','','','2017',''),('2017/01/IJ/0011','2017-11-03 00:00:00','1617.1.0012','Pulang','2017-11-03 15:49:21','2017-11-03 17:00:00','Serang','Besuk Ayah Sakit','','','','2017-11-03 15:50:12','','','','','2017',''),('2017/01/IJ/0012','2017-11-03 00:00:00','1617.1.0012','Pulang','2017-11-03 15:50:26','2017-11-04 17:00:00','Serang','Besuk Ayah Sakit','uwa','','','2018-01-08 16:15:29','','','','','2017',''),('2017/01/IJ/0013','2017-11-03 00:00:00','1718.3.0010','Pulang','2017-11-03 16:11:28','2017-11-05 17:00:00','Lebak Wangi','Berobat','Ibu','','','2018-01-17 17:01:48','','','','','2017',''),('2017/01/IJ/0014','2017-11-04 00:00:00','1516.1.0088','Pulang','2017-11-04 20:06:51','2017-11-05 20:06:51','Serang','Berobat','Bapak','','','2018-01-17 17:01:59','','','','','2017',''),('2017/01/IJ/0015','2017-11-05 00:00:00','1617.1.0001','Pulang','2017-11-05 17:26:10','2017-11-06 17:26:10','kopasus','berobat','saudara','','','2017-11-10 15:45:18','','','','','2017',''),('2017/01/IJ/0016','2017-11-06 00:00:00','1718.1.0037','Pulang','2017-11-06 16:47:32','2017-11-07 06:30:00','Cipocok','Berobat','Bapak','','','2018-01-17 17:01:53','','','','','2017',''),('2017/01/IJ/0017','2017-11-07 00:00:00','1718.1.0149','Pulang','2017-11-07 15:54:27','2017-11-09 17:00:00','Bekasi','Berobat','ibu','','','2018-01-17 17:02:33','','','','','2017',''),('2017/01/IJ/0018','2017-11-07 00:00:00','1516.1.0092','Pulang','2017-11-07 15:55:17','2017-11-09 17:00:00','Serang','Berobat','ibu','','','2018-01-17 16:54:02','','','','','2017',''),('2017/01/IJ/0019','2017-11-07 00:00:00','1617.1.0104','Pulang','2017-11-07 15:58:23','2017-11-09 17:00:00','Serang','Oprasi','orangtua','','','2018-01-17 17:03:00','','','','','2017',''),('2017/01/IJ/0020','2017-11-07 00:00:00','1516.1.0041','Keluar','2017-11-07 16:10:22','2017-11-07 17:00:00','rau','beli peci','','','','2017-11-11 15:37:24','','','','','2017',''),('2017/01/IJ/0021','2017-11-07 00:00:00','1516.1.0045','Keluar','2017-11-07 16:23:07','2017-11-07 17:00:00','rau','beli grandel','','','','2017-11-11 15:37:32','','','','','2017',''),('2017/01/IJ/0022','2017-11-08 00:00:00','1516.2.0029','Pulang','2017-11-08 16:05:53','2017-11-09 17:00:00','Ciloang','Berobat','','','','2018-01-17 17:02:21','','','','','2017',''),('2017/01/IJ/0023','2017-11-09 00:00:00','1516.1.0067','Keluar','2017-11-09 15:41:04','2017-11-09 17:00:00','Cikande','Potong Rambut','','','','2017-11-11 15:37:39','','','','','2017',''),('2017/01/IJ/0024','2017-11-09 00:00:00','1617.1.0011','Keluar','2017-11-09 15:42:38','2017-11-09 17:00:00','Depan','Beli Jam Tangan','','','','2017-11-11 15:37:46','','','','','2017',''),('2017/01/IJ/0025','2017-11-09 00:00:00','1516.1.0010','Keluar','2017-11-09 15:46:20','2017-11-09 17:00:00','Depan','Potong Rambut','Bapak','','','2017-11-11 15:37:54','','','','','2017',''),('2017/01/IJ/0026','2017-11-09 00:00:00','1516.1.0052','Keluar','2017-11-09 15:48:36','2017-11-09 17:00:00','Depan','Potong Rambut','','','','2017-11-11 15:40:39','','','','','2017',''),('2017/01/IJ/0027','2017-11-09 00:00:00','1718.1.0142','Pulang','2017-11-09 15:59:59','2017-11-10 17:00:00','Padarincang','Berobat','Bapak','','','2018-01-17 17:02:04','','','','','2017',''),('2017/01/IJ/0028','2017-11-09 00:00:00','1516.3.0018','Keluar','2017-11-09 16:06:15','2017-11-09 17:00:00','Depan','Keperluan Perempuan','','','','2017-11-11 15:40:47','','','','','2017',''),('2017/01/IJ/0029','2017-11-09 00:00:00','1516.2.0052','Keluar','2017-11-09 16:07:26','2017-11-09 17:00:00','Depan','Keperluan Perempuan','','','','2017-11-11 15:40:54','','','','','2017',''),('2017/01/IJ/0030','2017-11-10 00:00:00','1617.2.0003','Pulang','2017-11-10 12:44:09','2017-11-12 12:44:09','bojonegara','paman meninggal','','','','2018-01-17 17:02:28','','','','','2017',''),('2017/01/IJ/0031','2017-11-10 00:00:00','1718.1.0035','Pulang','2017-11-10 13:40:21','2017-11-12 17:00:00','Cikupa','Walimatul Urys','Bapak','','','2018-01-17 17:02:43','','','','','2017',''),('2017/01/IJ/0032','2017-11-10 00:00:00','1718.1.0075','Pulang','2017-11-10 14:28:29','2017-11-12 17:00:00','Ciwandan','Walimatul Urys','Ibu','','','2018-01-17 16:57:44','','','','','2017',''),('2017/01/IJ/0033','2017-11-10 00:00:00','1718.1.0074','Pulang','2017-11-10 14:33:52','2017-11-12 17:00:00','Cilegon','Walimatul Urys','Ibu','','','2017-11-17 20:22:31','','','','','2017',''),('2017/01/IJ/0034','2017-11-10 00:00:00','1516.2.0046','Keluar','2017-11-10 15:24:06','2017-11-10 17:00:00','Carefour','Beli Keperluan AM. Voice','','','','2017-11-11 15:41:10','','','','','2017',''),('2017/01/IJ/0035','2017-11-10 00:00:00','1516.2.0004','Keluar','2017-11-10 15:25:25','2017-11-10 17:00:00','Carefour','Beli Peralatan AM Voice','','','','2017-11-11 15:41:17','','','','','2017',''),('2017/01/IJ/0036','2017-11-11 00:00:00','1516.2.0011','Keluar','2017-11-11 12:32:50','2017-11-11 17:00:00','cipocok','acara keluarga','','','','2017-11-11 15:28:15','','','','','2017',''),('2017/01/IJ/0037','2017-11-11 00:00:00','1516.3.0015','Keluar','2017-11-11 15:25:43','2017-11-11 17:00:00','Depan','Beli Peci','','','','2017-11-13 13:58:50','','','','','2017',''),('2017/01/IJ/0038','2017-11-11 00:00:00','1516.2.0045','Keluar','2017-11-11 15:38:28','2017-11-11 17:00:00','Rau','Beli Pralatan Lomba Bag. Olahraga','','','','2017-11-13 14:19:00','','','','','2017',''),('2017/01/IJ/0039','2017-11-11 00:00:00','1516.3.0006','Keluar','2017-11-11 15:39:24','2017-11-11 17:00:00','Rau','Beli Peralatan Lomba Bag. Olahraga','','','','2017-11-13 14:19:27','','','','','2017',''),('2017/01/IJ/0040','2017-11-11 00:00:00','1718.2.0023','Keluar','2017-11-11 18:30:39','2017-11-11 19:00:00','Depan','Urut','','','','2017-11-13 14:19:22','','','','','2017',''),('2017/01/IJ/0041','2017-11-11 00:00:00','1718.2.0047','Keluar','2017-11-11 18:31:20','2017-11-11 19:00:00','Depan','Urut','','','','2017-11-13 14:19:33','','','','','2017',''),('2017/01/IJ/0042','2017-11-13 00:00:00','1718.3.0020','Keluar','2017-11-13 10:17:12','2017-11-13 17:00:00','Klinik','Berobat','','','','2017-11-13 14:19:48','','','','','2017',''),('2017/01/IJ/0043','2017-11-13 00:00:00','1718.1.0166','Keluar','2017-11-13 10:25:14','2017-11-17 10:25:14','Serang','Berobat (Operasi)','Ibu','','','2018-01-17 16:55:17','','','','','2017',''),('2017/01/IJ/0044','2017-11-13 00:00:00','1718.3.0020','Pulang','2017-11-13 16:13:40','2017-11-15 16:13:40','Ciruas','Sakit','Sendiri','','','2017-11-27 12:37:07','','','','','2017',''),('2017/01/IJ/0045','2017-11-13 00:00:00','1718.2.0023','Pulang','2017-11-13 17:43:42','2017-11-15 17:43:42','Walantaka','Berobat (Sakit)','Ibu','','','2018-01-17 17:02:38','','','','','2017',''),('2017/01/IJ/0046','2017-11-13 00:00:00','1516.1.0092','Pulang','2017-11-13 18:29:31','2017-11-14 18:29:31','Dalung','SAKIT','orang tua','','','2018-01-17 17:02:48','','','','','2017',''),('2017/01/IJ/0047','2017-11-13 00:00:00','1617.1.0119','Pulang','2017-11-13 19:45:28','2017-11-15 17:00:00','Serang','Berobat - Sakit','Bapak','','','2018-01-17 17:03:34','','','','','2017',''),('2017/01/IJ/0048','2017-11-15 00:00:00','1617.2.0001','Pulang','2017-11-15 14:33:13','2017-11-17 17:00:00','Ciomas','Berobat ','Ibu','','','2018-01-17 17:02:54','','','','','2017',''),('2017/01/IJ/0049','2017-11-16 00:00:00','1617.3.0003','Keluar','2017-11-16 15:56:46','2017-11-16 17:00:00','Depan (Cijawa)','Beli Salep (Obat)','','','','2018-01-08 16:17:34','','','','','2017',''),('2017/01/IJ/0050','2017-11-17 00:00:00','1718.1.0074','Pulang','2017-11-17 20:23:56','2017-11-19 17:00:00','Cilegon','Berobat','Bapak','','','2018-01-17 17:02:15','','','','','2017',''),('2017/01/IJ/0051','2017-11-18 00:00:00','1516.3.0019','Keluar','2017-11-18 12:28:28','2017-11-18 15:00:00','Rau','Beli Hadiah','Calon Istri','','','2018-01-17 16:56:09','','','','','2017',''),('2017/01/IJ/0052','2017-11-18 00:00:00','1516.2.0047','Keluar','2017-11-18 12:29:22','2017-11-18 15:00:00','Rau','Beli Hadiah Lomba','Calon Mertua','','','2018-01-17 16:57:12','','','','','2017',''),('2017/01/IJ/0053','2017-11-18 00:00:00','1718.2.0010','Pulang','2017-11-18 12:51:39','2017-11-19 17:00:00','Pandeglang','Keperluan Keluarga','Bapak','','','2018-01-17 17:03:07','','','','','2017',''),('2017/01/IJ/0054','2017-11-22 00:00:00','1718.2.0047','Pulang','2017-11-22 15:47:31','2017-11-22 17:00:00','Depan','Beli Peralatan Art Show','','','','2017-12-12 15:56:06','','','','','2017',''),('2017/01/IJ/0055','2017-11-22 00:00:00','1718.3.0021','Keluar','2017-11-22 15:48:12','2017-11-22 17:00:00','Depan','Beli Perlatan Art Show','','','','2018-01-17 16:57:20','','','','','2017',''),('2017/01/IJ/0056','2017-11-23 00:00:00','1718.1.0141','Keluar','2017-11-23 12:51:35','2017-11-23 18:30:00','Pandeglang','Keperluan Keluarga','Teteh','','','2018-01-17 16:57:28','','','','','2017',''),('2017/01/IJ/0057','2017-11-23 00:00:00','1516.1.0010','Pulang','2017-11-23 16:36:40','2017-11-24 17:00:00','Serang','Berobat','Bapak','','','2018-01-17 17:03:19','','','','','2017',''),('2017/01/IJ/0058','2017-11-24 00:00:00','1617.1.0011','Pulang','2017-11-24 16:25:58','2017-11-26 16:25:58','cilegon','keperluan keluarga','nenek','','','2018-01-17 17:03:13','','','','','2017',''),('2017/01/IJ/0059','2017-11-25 00:00:00','1718.2.0015','Pulang','2017-11-25 12:34:42','2017-11-26 17:00:00','Pandeglang','Berobat','Kaka','','','2018-01-17 17:03:47','','','','','2017',''),('2017/01/IJ/0060','2017-11-26 00:00:00','1718.1.0086','Keluar','2017-11-26 15:27:11','2017-11-26 15:27:11','royal ','foto','orang tua ','','','2018-01-17 16:57:36','','','','','2017',''),('2017/01/IJ/0061','2017-11-26 00:00:00','1718.1.0075','Keluar','2017-11-26 15:29:09','2017-11-26 15:29:09','royal','foto','orang tua','','','2018-01-17 16:58:34','','','','','2017',''),('2017/01/IJ/0062','2017-11-27 00:00:00','1718.3.0020','Keluar','2017-11-27 12:37:16','2017-11-27 14:00:00','Depan','Potong Rambut','Bapak','','','2018-01-17 16:59:24','','','','','2017',''),('2017/02/IJ/0001','2017-12-01 00:00:00','1718.1.0012','Pulang','2017-12-01 13:24:22','2017-12-01 17:00:00','Apotek','Berobat','Bapak','','','2017-12-01 13:25:42','','','','','2017',''),('2017/02/IJ/0002','2017-12-01 00:00:00','1718.1.0012','Keluar','2017-12-01 13:25:53','2017-12-01 17:00:00','Apotek','Berobat','Bapak','','','2017-12-02 15:40:47','','','','','2017',''),('2017/02/IJ/0003','2017-12-01 00:00:00','1617.2.0039','Pulang','2017-12-01 13:35:18','2017-12-02 17:00:00','Pulo Ampel','Keperluan Keluarga','Orang Tua','','','2018-01-17 17:03:24','','','','','2017',''),('2017/02/IJ/0004','2017-12-01 00:00:00','1718.1.0140','Keluar','2017-12-01 14:00:29','2017-12-01 17:00:00','Dokter','Berobat','Orang Tua','','','2017-12-02 15:40:37','','','','','2017',''),('2017/02/IJ/0005','2017-12-01 00:00:00','1516.2.0020','Pulang','2017-12-01 15:00:24','2017-12-03 17:00:00','Rangkas Bitung - Bogor  - Indonesia','Berobat','Bapak','','','2017-12-05 16:19:18','','','','','2017',''),('2017/02/IJ/0006','2017-12-02 00:00:00','1718.1.0079','Keluar','2017-12-02 12:54:42','2017-12-02 17:00:00','Apotek','Berobat','Tantenya','','','2018-01-17 16:59:30','','','','','2017',''),('2017/02/IJ/0007','2017-12-02 00:00:00','1617.2.0056','Keluar','2017-12-02 13:17:46','2017-12-02 13:50:00','ATM','Ambil Uang','','','','2017-12-02 15:40:03','','','','','2017',''),('2017/02/IJ/0008','2017-12-02 00:00:00','1516.2.0045','Keluar','2017-12-02 15:39:20','2017-12-02 17:00:00','Rau','Beli Keperluan Pribadi','','','','2018-01-17 16:59:35','','','','','2017',''),('2017/02/IJ/0009','2017-12-02 00:00:00','1718.3.0005','Keluar','2017-12-02 15:44:55','2017-12-02 17:00:00','ATM','Ambil Uang','','','','2018-01-17 16:59:17','','','','','2017',''),('2017/02/IJ/0010','2017-12-05 00:00:00','1516.1.0027','Keluar','2017-12-05 13:08:39','2017-12-05 17:00:00','Depan','Pijat','Ibu','','','2018-01-17 16:58:43','','','','','2017',''),('2017/02/IJ/0011','2017-12-05 00:00:00','1516.2.0020','Pulang','2017-12-05 16:19:26','2017-12-07 17:00:00','Rangkas Bitung','Berobat','Bapak','','','2018-01-17 17:04:08','','','','','2017',''),('2017/02/IJ/0012','2017-12-11 00:00:00','1718.1.0075','Pulang','2017-12-11 09:33:31','2017-12-12 17:00:00','cilegon','berobat','orang tua','','','2018-01-17 17:03:52','','','','','2017',''),('2017/02/IJ/0013','2017-12-12 00:00:00','1718.1.0156','Keluar','2017-12-12 15:49:38','2017-12-12 17:00:00','Depan','Berobat','Orang Tua ','','','2018-01-17 16:59:43','','','','','2017',''),('2017/02/IJ/0014','2017-12-12 00:00:00','1718.2.0047','Keluar','2017-12-12 15:56:21','2017-12-12 17:00:00','Depan','Beli Obat','','','','2018-01-17 16:58:24','','','','','2017',''),('2017/02/IJ/0015','2017-12-12 00:00:00','1718.2.0021','Keluar','2017-12-12 15:57:07','2017-12-12 17:00:00','Depan','Potong Rambut','','','','2018-01-17 16:59:54','','','','','2017',''),('2017/02/IJ/0016','2017-12-14 00:00:00','1516.2.0034','Keluar','2017-12-14 12:59:40','2017-12-14 15:00:00','Rau','Membeli Peralatan Amesco','','','','2018-01-17 17:00:02','','','','','2017',''),('2017/02/IJ/0017','2017-12-14 00:00:00','1718.2.0033','Pulang','2017-12-14 13:01:14','2017-12-20 17:00:00','Serang','Acara Keluarga','Orang Tua (Ibu)','','','2018-01-17 17:03:40','','','','','2017',''),('2017/02/IJ/0018','2017-12-14 00:00:00','1718.2.0012','Pulang','2017-12-14 13:11:49','2017-12-14 15:00:00','Depan','Urut','','','','2017-12-14 13:11:41','','','','','2017',''),('2017/02/IJ/0019','2017-12-14 00:00:00','1718.2.0036','Keluar','2017-12-14 13:13:29','2017-12-14 15:00:00','Depan','Urut','','','','2018-01-17 17:00:18','','','','','2017',''),('2017/02/IJ/0020','2017-12-14 00:00:00','1516.2.0040','Pulang','2017-12-14 13:37:16','2017-12-17 17:00:00','Carenang','Berobat','Kaka','','','2018-01-10 16:28:31','','','','','2017',''),('2017/02/IJ/0021','2017-12-15 00:00:00','1617.1.0091','Keluar','2017-12-15 14:28:45','2017-12-15 15:00:00','Depan','Beli Triplek','Bapak','','','2018-01-17 17:00:12','','','','','2017',''),('2017/02/IJ/0022','2017-12-15 00:00:00','1516.2.0022','Keluar','2017-12-15 14:29:51','2017-12-15 15:00:00','Depan','Beli Triplek','Bapak','','','2018-01-17 17:00:30','','','','','2017',''),('2017/02/IJ/0023','2017-12-16 00:00:00','1718.1.0075','Pulang','2017-12-16 15:49:31','2017-12-17 17:00:00','cilegon','berobat','orang tua','','','2018-01-17 17:04:21','','','','','2017',''),('2017/02/IJ/0024','2017-12-16 00:00:00','1617.3.0013','Keluar','2017-12-16 17:18:12','2017-12-16 20:00:00','Warung Slikur','Ta\'ziah','Bu Bunga','','','2018-01-17 17:00:24','','','','','2017',''),('2017/02/IJ/0025','2017-12-21 00:00:00','1718.1.0085','Keluar','2017-12-21 11:59:35','2017-12-21 14:00:00','Klinik','Berobat','Bapak','','','2018-01-17 17:00:38','','','','','2017',''),('2017/08/IJ/0001','2017-08-14 00:00:00','1718.1.0046','Pulang','2017-08-14 12:52:50','2017-08-16 17:00:00','Pontang','Sakit (Berobat)','Kaka','','','2017-08-16 07:01:26','','','','','2017',''),('2017/08/IJ/0002','2017-08-14 00:00:00','1516.2.0040','Keluar','2017-08-14 15:49:04','2017-08-14 17:00:00','Depan','Potong Rambut','','','','2017-08-14 17:00:00','','','','','2017',''),('2017/08/IJ/0003','2017-08-14 00:00:00','1516.2.0009','Keluar','2017-08-14 15:50:22','2017-08-14 17:00:00','Depan','Potong Rambut','','','','2017-08-14 17:00:00','','','','','2017',''),('2017/08/IJ/0004','2017-08-15 00:00:00','1516.3.0018','Keluar','2017-08-15 14:49:52','2017-08-15 17:00:00','Ciracas','Mengambil Baju','','','','2017-08-15 17:00:00','','','','','2017',''),('2017/08/IJ/0005','2017-08-15 00:00:00','1516.2.042','Keluar','2017-08-15 15:00:48','2017-08-15 17:00:00','Ciracas','Mengambil Baju','','','','2017-08-15 19:30:00','','','','','2017','');
/*!40000 ALTER TABLE `dbo.T_Ijin` ENABLE KEYS */;
UNLOCK TABLES;

--
-- Table structure for table `dbo.T_Keuangan`
--

DROP TABLE IF EXISTS `dbo.T_Keuangan`;
/*!40101 SET @saved_cs_client     = @@character_set_client */;
/*!40101 SET character_set_client = utf8 */;
CREATE TABLE `dbo.T_Keuangan` (
  `IDTrans` varchar(17) DEFAULT NULL,
  `Tanggal` varchar(19) DEFAULT NULL,
  `KodeJurnal` varchar(4) DEFAULT NULL,
  `Uraian` varchar(100) DEFAULT NULL,
  `Nominal` int(11) DEFAULT NULL,
  `Keterangan` varchar(35) DEFAULT NULL,
  `UserID` varchar(15) DEFAULT NULL,
  `NIS` varchar(11) DEFAULT NULL,
  `Potongan` varchar(6) DEFAULT NULL,
  `Bulan` varchar(2) DEFAULT NULL,
  `TahunAjaran` varchar(4) DEFAULT NULL,
  `NoUrut` varchar(4) DEFAULT NULL
) ENGINE=InnoDB DEFAULT CHARSET=utf8mb4;
/*!40101 SET character_set_client = @saved_cs_client */;

--
-- Dumping data for table `dbo.T_Keuangan`
--

LOCK TABLES `dbo.T_Keuangan` WRITE;
/*!40000 ALTER TABLE `dbo.T_Keuangan` DISABLE KEYS */;
INSERT INTO `dbo.T_Keuangan` VALUES ('2018/08/5501/0001','2018-08-01 10:02:51','5501','SPP Reguler Putra - Reguler Putra',750000,'Meisya Lisse F.A, SE','Meisya Lisse F.','1819.1.0064','0','8','2018','0001'),('2018/08/8804/0007','2018-08-10 17:13:26','8804','Pembayaran Honor wali kls SMK 3 rombel X Rp.200.00., ',600000,'Meisya','Ifat Fatimah, S','','','','2018','0007'),('2019/02/5502/0011','2019-02-19 10:16:29','5502','SPP Reguler Putri - Reguler Putri',800000,'Indri Nur Fitri Amalia, SM','Indri Nur Fitri','1617.2.0050','0','2','2018','0011'),('2019/02/5501/0188','2019-02-28 09:36:13','5501','SPP Reguler Putra - Reguler Putra',750000,'Indri Nurfitri Amalia, SM','Indri Nurfitri ','1819.1.0176','0','3','2018','0188'),('2018/09/5502/0123','2018-09-28 09:11:13','5502','SPP Reguler Putri - Reguler Putri',800000,'Bety','Bety','1819.1.0153','0','9','2018','0123'),('2018/10/5502/0012','2018-10-07 10:47:04','5502','SPP Reguler Putri - Reguler Putri',800000,'Meisya Lisse F.A, SE','Meisya Lisse F.','1819.3.0017','0','9','2018','0012'),('2019/02/5502/0050','2019-02-23 08:48:32','5502','SPP Reguler Putri - Reguler Putri',800000,'Meisya Lisse F.A, SE','Meisya Lisse F.','1819.1.0011','0','2','2018','0050'),('2019/02/5502/0060','2019-02-24 09:28:49','5502','SPP Reguler Putri - Reguler Putri',800000,'Bety','Bety','1718.1.0068','0','3','2018','0060'),('2019/02/5501/0061','2019-02-24 09:44:58','5501','SPP Reguler Putra - Reguler Putra',750000,'Bety','Bety','1617.1.0087','0','2','2018','0061'),('2019/02/5502/0062','2019-02-24 09:47:14','5502','SPP Reguler Putri - Reguler Putri',800000,'Bety','Bety','1819.3.0005','0','2','2018','0062'),('2019/02/5502/0063','2019-02-24 09:53:56','5502','SPP Reguler Putri - Reguler Putri',800000,'Bety','Bety','1819.2.0005','0','2','2018','0063'),('2019/02/5502/0064','2019-02-24 09:54:46','5502','SPP Reguler Putri - Reguler Putri',800000,'Bety','Bety','1819.2.0005','0','3','2018','0064'),('2019/02/5502/0065','2019-02-24 10:22:42','5502','SPP Reguler Putri - Reguler Putri',800000,'Bety','Bety','1718.1.0058','0','2','2018','0065'),('2019/02/5501/0068','2019-02-24 11:08:16','5501','SPP Reguler Putra - Reguler Putra',750000,'Bety','Bety','1617.3.0002','0','2','2018','0068'),('2019/02/5502/0069','2019-02-24 11:15:22','5502','SPP Reguler Putri - Reguler Putri',800000,'Bety','Bety','1819.3.0001','0','2','2018','0069'),('2019/02/5502/0105','2019-02-25 09:24:18','5502','SPP Reguler Putri - Reguler Putri',800000,'Meisya Lisse F.A, SE','Meisya Lisse F.','1718.2.0040','0','10','2018','0105'),('2019/02/5501/0141','2019-02-26 08:51:45','5501','SPP Reguler Putra - Reguler Putra',550000,'Bety','Bety','1819.1.0016','200000','2','2018','0141'),('2019/02/5501/0161','2019-02-27 09:46:45','5501','SPP Reguler Putra - Reguler Putra',750000,'Indri Nur Fitri Amalia, SM','Indri Nur Fitri','1617.2.0060','0','2','2018','0161'),('2019/03/5502/0016','2019-03-02 09:19:55','5502','SPP Reguler Putri - Reguler Putri',800000,'Meisya Lisse F.A, SE','Meisya Lisse F.','1718.2.0008','0','8','2018','0016'),('2019/03/5502/0038','2019-03-03 10:04:39','5502','SPP Reguler Putri - Reguler Putri',800000,'Meisya Lisse F.A, SE','Meisya Lisse F.','1718.1.0064','0','2','2018','0038'),('2019/03/5501/0052','2019-03-05 16:47:46','5501','SPP Reguler Putra - Reguler Putra',750000,'Indri Nurfitri Amalia, SM','Indri Nurfitri ','1819.1.0127','0','2','2018','0052'),('2019/03/5501/0053','2019-03-08 10:33:19','5501','SPP Reguler Putra - Reguler Putra',750000,'Meisya Lisse F.A, SE','Meisya Lisse F.','1819.1.0053','0','3','2018','0053'),('2019/03/5501/0054','2019-03-10 10:31:52','5501','SPP Reguler Putra - Reguler Putra',750000,'Indri Nurfitri Amalia, SM','Indri Nurfitri ','1718.1.0105','0','3','2018','0054'),('2019/03/5502/0080','2019-03-11 09:41:28','5502','SPP Reguler Putri - Reguler Putri',800000,'Indri Nurfitri Amalia, SM','Indri Nurfitri ','1516.1.0036','0','3','2018','0080'),('2019/03/5502/0090','2019-03-12 09:46:47','5502','SPP Reguler Putri - Reguler Putri',800000,'Indri Nurfitri Amalia, SM','Indri Nurfitri ','1819.1.0045','0','3','2018','0090'),('2019/03/5502/0093','2019-03-12 13:48:34','5502','SPP Reguler Putri - Reguler Putri',800000,'Meisya Lisse F.A, SE','Meisya Lisse F.','1718.1.0096','0','3','2018','0093'),('2019/03/5501/0095','2019-03-14 13:34:07','5501','SPP Reguler Putra - Reguler Putra',750000,'Indri Nurfitri Amalia, SM','Indri Nurfitri ','1617.2.0062','0','3','2018','0095'),('2019/03/5502/0096','2019-03-15 13:52:44','5502','SPP Reguler Putri - Reguler Putri',800000,'Indri Nurfitri Amalia, SM','Indri Nurfitri ','1617.1.0040','0','2','2018','0096'),('2019/03/5502/0105','2019-03-16 14:24:47','5502','SPP Reguler Putri - Reguler Putri',800000,'Indri Nurfitri Amalia, SM','Indri Nurfitri ','1617.1.0072','0','3','2018','0105'),('2019/03/5502/0108','2019-03-16 14:51:15','5502','SPP Reguler Putri - Reguler Putri',800000,'Meisya Lisse F.A, SE','Meisya Lisse F.','1617.2.0053','0','3','2018','0108'),('2018/09/5511/0001','2018-09-05 11:47:40','5511','Pengembalian Kasbon Misnan 1',500000,'Bu Ifat','Ifat Fatimah, S','','','','2018','0001'),('2019/03/5502/0115','2019-03-19 11:12:37','5502','SPP Reguler Putri - Reguler Putri',800000,'Meisya Lisse F.A, SE','Meisya Lisse F.','1617.2.0028','0','3','2018','0115'),('2019/03/5501/0116','2019-03-22 10:30:29','5501','SPP Reguler Putra - Reguler Putra',750000,'Indri Nurfitri Amalia, SM','Indri Nurfitri ','1617.2.0041','0','1','2018','0116'),('2019/03/5502/0118','2019-03-23 11:51:54','5502','SPP Reguler Putri - Reguler Putri',800000,'Indri Nurfitri Amalia, SM','Indri Nurfitri ','1819.1.0096','0','2','2018','0118'),('2019/03/5501/0124','2019-03-24 11:32:44','5501','SPP Reguler Putra - Reguler Putra',750000,'Indri Nurfitri Amalia, SM','Indri Nurfitri ','1819.1.0031','0','3','2018','0124'),('2019/03/5502/0141','2019-03-25 09:35:52','5502','SPP Reguler Putri - Reguler Putri',800000,'Indri Nurfitri Amalia, SM','Indri Nurfitri ','1617.2.0023','0','11','2018','0141'),('2019/01/5511/0002','2019-01-07 10:56:58','5511','Pengembalian kasbon Misnan (harian)',950000,'Bu Ifat','Ifat Fatimah, S','','','','2018','0002'),('2019/03/5505/0149','2019-03-26 00:00:00','5505','Daftar Ulang Putri',500000,'Meisya Lisse F.A, SE','Meisya Lisse F.','1516.1.0013','','7','2018','0149'),('2019/03/5502/0155','2019-03-27 16:05:43','5502','SPP Reguler Putri - Reguler Putri',800000,'Meisya Lisse F.A, SE','Meisya Lisse F.','1718.2.0026','0','3','2018','0155'),('2019/03/8805/0004','2019-03-28 09:30:57','8805','Konsumsi Guru',50000,'Ustzah Zein ','Indri Nurfitri ','','','','2018','0004'),('2019/03/5505/0167','2019-03-24 00:00:00','5505','Daftar Ulang Putri',0,'Meisya Lisse F.A, SE','Meisya Lisse F.','1516.1.0013','','2','2018','0167'),('2019/03/8805/0006','2019-03-30 09:02:32','8805','KOnsumsi Guru ',50000,'Bu Muslimah ','Indri Nurfitri ','','','','','0006'),('2019/03/8803/0002','2019-03-31 10:20:00','8803','Pengeluaran untuk menduplikat kunci gerbang ruang kelas SMA ',50000,'Ust Barok ','Indri Nurfitri ','','','','2018','0002'),('2019/04/8801/0001','2019-04-01 11:36:55','8801','Laporan DARMAIS Bulan Maret ',100000,'PAk Roy','Indri Nurfitri ','','','','2018','0001'),('2019/04/8807/0001','2019-04-01 15:42:06','8807','Kasbon Laundry Ibu Santi kamar UN 10',200000,'Ibu Santi','Meisya Lisse F.','','','','2018','0001'),('2019/04/5501/0026','2019-04-06 09:13:06','5501','SPP Reguler Putra - Reguler Putra',400000,'Indri Nurfitri Amalia','Indri Nurfitri ','1819.2.0049','350000','3','2018','0026'),('2019/04/8807/0005','2019-04-04 11:04:10','8807','Kamar AN 05',200000,'Ibu Aan ','Indri Nurfitri ','','','','2018','0005'),('2019/04/8802/0002','2019-04-05 09:35:18','8802','Transport ke KKM dan mengambil naskah soal UASBN MTS',50000,'Ust. Ismat','Indri Nurfitri ','','','','2018','0002'),('2019/04/5501/0066','2019-04-07 09:18:39','5501','SPP Reguler Putra - Reguler Putra',750000,'Meisya Lisse F.A, SE','Meisya Lisse F.','1718.1.0045','0','4','2018','0066'),('2019/04/5502/0111','2019-04-08 09:49:44','5502','SPP Reguler Putri - Reguler Putri',800000,'Indri Nurfitri Amalia','Indri Nurfitri ','1819.2.0029','0','4','2018','0111'),('2019/04/8805/0005','2019-04-09 08:42:37','8805','Konsumsi Guru',50000,'Ust. Ozi','Indri Nurfitri ','','','','2018','0005'),('2019/04/8801/0020','2019-04-10 08:23:33','8801','Pembelian pembersih lantai, pembersih kmr mandi, kamper kamar mandi,dan pembersih kaca + BBM ',160000,'Pak Misnan ','Indri Nurfitri ','','','','2018','0020'),('2019/04/5502/0156','2019-04-11 09:13:26','5502','SPP Reguler Putri - Reguler Putri',800000,'Meisya Lisse F.A, SE','Meisya Lisse F.','1819.1.0029','0','3','2018','0156'),('2019/04/8802/0011','2019-04-12 09:06:41','8802','Transport ke KEMENAG untuk mengantar berkas sekolah madrasah ',50000,'Ust. Ismat ','Indri Nurfitri ','','','','2018','0011'),('2019/04/8802/0012','2019-04-12 09:08:21','8802','Pembelian materai 6000 untuk syrat pernyataan berkas sertifikasi Abah ',7000,'Ust. Ismat ','Indri Nurfitri ','','','','2018','0012'),('2019/04/5502/0173','2019-04-12 09:39:50','5502','SPP Reguler Putri - Reguler Putri',800000,'Indri Nurfitri Amalia','Indri Nurfitri ','1617.1.0072','0','4','2018','0173'),('2019/04/8801/0023','2019-04-12 09:55:31','8801','Beli dinamo 1 untuk di kamar UN 13 + BBM ',95000,'MAng Saman ','Indri Nurfitri ','1617.1.0072','0','4','2018','0023'),('2019/04/5502/0174','2019-04-12 10:15:49','5502','SPP Reguler Putri - Reguler Putri',800000,'Indri Nurfitri Amalia','Indri Nurfitri ','1718.2.0058','0','4','2018','0174'),('2019/04/8802/0013','2019-04-12 10:23:18','8802','Transport menjenguk anak santri a/n Falahul Firdaus Kls 1E di daerah Sentul, Kragilan ',100000,'Pak Supriyadi ','Indri Nurfitri ','1718.2.0058','0','4','2018','0013'),('2019/04/8801/0024','2019-04-12 11:51:26','8801','Khutbah Jum\'at diisi oleh Ust. Hasuri ',100000,'Ust. Ozi ','Indri Nurfitri ','1718.2.0058','0','4','2018','0024'),('2019/04/5501/0177','2019-04-12 13:00:47','5501','SPP Reguler Putra - Reguler Putra',750000,'Indri Nurfitri Amalia','Indri Nurfitri ','1718.3.0025','0','4','2018','0177'),('2019/04/5501/0178','2019-04-12 13:53:58','5501','SPP Reguler Putra - Reguler Putra',750000,'Indri Nurfitri Amalia','Indri Nurfitri ','1718.1.0146','0','4','2018','0178'),('2019/04/5502/0182','2019-04-12 14:37:45','5502','SPP Reguler Putri - Reguler Putri',800000,'Indri Nurfitri Amalia','Indri Nurfitri ','1718.2.0041','0','4','2018','0182'),('2019/04/8806/0007','2019-04-12 14:44:07','8806','Kasbon Karyawan ',400000,'Pak Asep Sudrajat','Indri Nurfitri ','1718.2.0041','0','4','2018','0007'),('2019/04/5501/0183','2019-04-12 14:46:35','5501','SPP Reguler Putra - Reguler Putra',750000,'Indri Nurfitri Amalia','Indri Nurfitri ','1718.2.0019','0','4','2018','0183'),('2019/04/8806/0008','2019-04-12 16:09:13','8806','Kasbon TU Keu.',500000,'Indri ','Indri Nurfitri ','1718.2.0019','0','4','2018','0008'),('2019/04/8801/0026','2019-04-13 09:56:17','8801','Pembelian lampu kecil 2 x 30.000 dan dinamo 1 untuk di kamar AN 01,AN 03 dan UN 14 +BBM',150000,'MAng Saman ','Indri Nurfitri ','','','','2018','0026'),('2019/04/5501/0193','2019-04-14 09:20:06','5501','SPP Reguler Putra - Reguler Putra',750000,'Meisya Lisse F.A, SE','Meisya Lisse F.','1718.1.0037','0','4','2018','0193'),('2019/04/5501/0232','2019-04-16 09:54:57','5501','SPP Reguler Putra - Reguler Putra',750000,'Meisya Lisse F.A, SE','Meisya Lisse F.','1819.1.0074','0','4','2018','0232'),('2019/04/5502/0240','2019-04-18 09:12:37','5502','SPP Reguler Putri - Reguler Putri',800000,'Meisya Lisse F.A, SE','Meisya Lisse F.','1516.1.0077','0','4','2018','0240'),('2019/04/5502/0241','2019-04-18 10:03:07','5502','SPP Reguler Putri - Reguler Putri',800000,'Meisya Lisse F.A, SE','Meisya Lisse F.','1617.2.0047','0','4','2018','0241'),('2019/04/5502/0242','2019-04-18 10:03:27','5502','SPP Reguler Putri - Reguler Putri',300000,'Meisya Lisse F.A, SE','Meisya Lisse F.','1617.2.0047','500000','5','2018','0242'),('2019/04/5501/0269','2019-04-20 13:04:51','5501','SPP Reguler Putra - Reguler Putra',300000,'Indri Nurfitri Amalia','Indri Nurfitri ','1617.2.0056','450000','5','2018','0269'),('2019/04/5501/0244','2019-04-18 10:20:09','5501','SPP Reguler Putra - Reguler Putra',750000,'Meisya Lisse F.A, SE','Meisya Lisse F.','1617.2.0042','0','11','2018','0244'),('2019/04/5501/0245','2019-04-18 10:20:20','5501','SPP Reguler Putra - Reguler Putra',750000,'Meisya Lisse F.A, SE','Meisya Lisse F.','1617.2.0042','0','12','2018','0245'),('2019/04/5501/0246','2019-04-18 10:20:30','5501','SPP Reguler Putra - Reguler Putra',750000,'Meisya Lisse F.A, SE','Meisya Lisse F.','1617.2.0042','0','1','2018','0246'),('2019/04/5501/0247','2019-04-18 10:20:40','5501','SPP Reguler Putra - Reguler Putra',750000,'Meisya Lisse F.A, SE','Meisya Lisse F.','1617.2.0042','0','2','2018','0247'),('2019/04/5501/0248','2019-04-18 10:20:51','5501','SPP Reguler Putra - Reguler Putra',750000,'Meisya Lisse F.A, SE','Meisya Lisse F.','1617.2.0042','0','3','2018','0248'),('2019/04/5501/0249','2019-04-18 10:21:01','5501','SPP Reguler Putra - Reguler Putra',750000,'Meisya Lisse F.A, SE','Meisya Lisse F.','1617.2.0042','0','4','2018','0249'),('2019/04/5501/0250','2019-04-18 10:21:19','5501','SPP Reguler Putra - Reguler Putra',300000,'Meisya Lisse F.A, SE','Meisya Lisse F.','1617.2.0042','450000','5','2018','0250'),('2019/04/5501/0251','2019-04-18 10:21:33','5501','SPP Reguler Putra - Reguler Putra',300000,'Meisya Lisse F.A, SE','Meisya Lisse F.','1617.2.0042','450000','6','2018','0251'),('2019/05/8804/0006','2019-05-03 11:09:03','8804','Pembelian perlengkapan UKK SMK',300000,'Ust Ghofur','Indri Nurfitri ','1819.1.0110','0','5','2018','0006'),('2019/04/8801/0029','2019-04-18 14:28:10','8801','Transport abah lie',60000,'Abah Lie','Meisya Lisse F.','1617.3.0009','0','4','2018','0029'),('2019/04/5501/0254','2019-04-18 14:55:38','5501','SPP Reguler Putra - Reguler Putra',750000,'Meisya Lisse F.A, SE','Meisya Lisse F.','1819.1.0131','0','4','2018','0254'),('2019/04/5501/0255','2019-04-18 15:58:34','5501','SPP Reguler Putra - Reguler Putra',750000,'Meisya Lisse F.A, SE','Meisya Lisse F.','1819.3.0015','0','4','2018','0255'),('2019/04/5501/0256','2019-04-18 16:14:48','5501','SPP Reguler Putra - Reguler Putra',750000,'Meisya Lisse F.A, SE','Meisya Lisse F.','1718.1.0038','0','3','2018','0256'),('2019/04/5502/0257','2019-04-18 16:17:14','5502','SPP Reguler Putri - Reguler Putri',800000,'Meisya Lisse F.A, SE','Meisya Lisse F.','1617.2.0018','0','4','2018','0257'),('2019/04/5502/0258','2019-04-18 16:21:53','5502','SPP Reguler Putri - Reguler Putri',800000,'Meisya Lisse F.A, SE','Meisya Lisse F.','1718.2.0040','0','4','2018','0258'),('2019/04/5502/0259','2019-04-18 16:32:34','5502','SPP Reguler Putri - Reguler Putri',800000,'Meisya Lisse F.A, SE','Meisya Lisse F.','1617.1.0023','0','4','2018','0259'),('2019/04/5502/0260','2019-04-18 16:47:00','5502','SPP Reguler Putri - Reguler Putri',800000,'Meisya Lisse F.A, SE','Meisya Lisse F.','1617.2.0017','0','4','2018','0260'),('2019/04/8801/0030','2019-04-18 17:09:22','8801','Pembelian hordeng Kantor Mts',400000,'Ustadzah Zein','Meisya Lisse F.','1617.2.0017','0','4','2018','0030'),('2019/04/5502/0261','2019-04-19 09:22:52','5502','SPP Reguler Putri - Reguler Putri',500000,'Indri Nurfitri Amalia','Indri Nurfitri ','1617.1.0016','300000','2','2018','0261'),('2019/04/5502/0277','2019-04-21 09:08:09','5502','SPP Reguler Putri - Reguler Putri',800000,'Indri Nurfitri Amalia','Indri Nurfitri ','1819.1.0130','0','4','2018','0277'),('2019/04/5502/0293','2019-04-22 10:03:07','5502','SPP Reguler Putri - Reguler Putri',800000,'Indri Nurfitri Amalia','Indri Nurfitri ','1617.1.0029','0','4','2018','0293'),('2019/04/8806/0015','2019-04-23 10:04:45','8806','Kasbon Dapur ',500000,'Mang Yanto','Indri Nurfitri ','','','','2018','0015'),('2019/04/8801/0037','2019-04-24 09:37:31','8801','Isi Ulang Air',220000,'Pak MAd Sa\'i','Indri Nurfitri ','','','','2018','0037'),('2019/04/8806/0020','2019-04-25 11:20:39','8806','Kasbon Pak Madsa\'i',100000,'Pak Madsa\'i','Meisya Lisse F.','','','','2018','0020'),('2019/04/5501/0333','2019-04-26 09:38:33','5501','SPP Reguler Putra - Reguler Putra',750000,'Meisya Lisse F.A, SE','Meisya Lisse F.','1718.2.0018','0','4','2018','0333'),('2019/04/5502/0337','2019-04-27 09:02:58','5502','SPP Reguler Putri - Reguler Putri',800000,'Indri Nurfitri Amalia','Indri Nurfitri ','1819.1.0129','0','5','2018','0337'),('2019/04/5501/0343','2019-04-28 11:41:59','5501','SPP Reguler Putra - Reguler Putra',750000,'Meisya Lisse F.A, SE','Meisya Lisse F.','1819.1.0008','0','5','2018','0343');
/*!40000 ALTER TABLE `dbo.T_Keuangan` ENABLE KEYS */;
UNLOCK TABLES;

--
-- Table structure for table `dbo.T_Konseling`
--

DROP TABLE IF EXISTS `dbo.T_Konseling`;
/*!40101 SET @saved_cs_client     = @@character_set_client */;
/*!40101 SET character_set_client = utf8 */;
CREATE TABLE `dbo.T_Konseling` (
  `IDTrans` varchar(15) DEFAULT NULL,
  `NoInduk` varchar(11) DEFAULT NULL,
  `Konseling` varchar(48) DEFAULT NULL,
  `Solusi` varchar(42) DEFAULT NULL,
  `Konselor` varchar(16) DEFAULT NULL,
  `Tanggal` varchar(19) DEFAULT NULL,
  `TahunAjaran` smallint(6) DEFAULT NULL
) ENGINE=InnoDB DEFAULT CHARSET=utf8mb4;
/*!40101 SET character_set_client = @saved_cs_client */;

--
-- Dumping data for table `dbo.T_Konseling`
--

LOCK TABLES `dbo.T_Konseling` WRITE;
/*!40000 ALTER TABLE `dbo.T_Konseling` DISABLE KEYS */;
INSERT INTO `dbo.T_Konseling` VALUES ('2022/06/TK/0001','1617.1.0086','Ga betah di Pondok','Konsultasi dengan wali santrinya','Pengasuhan Putra','2022-06-02 18:56:02',2021),('2017/08/TK/0001','1617.1.0038','meledek hafidz dg panggilan ayu yustia','di mediasi di kantor majlis pemina','ustdh mutawadiah','2017-08-16 11:33:54',2017),('2017/08/TK/0002','1617.1.0038','risma membully tb hafidz dg panggilan ayu yustia','di mediasi di kantor MP oleh Majlis pemina','usth mutawadiah','2017-08-16 11:40:38',2017);
/*!40000 ALTER TABLE `dbo.T_Konseling` ENABLE KEYS */;
UNLOCK TABLES;

--
-- Table structure for table `dbo.T_Pelanggaran`
--

DROP TABLE IF EXISTS `dbo.T_Pelanggaran`;
/*!40101 SET @saved_cs_client     = @@character_set_client */;
/*!40101 SET character_set_client = utf8 */;
CREATE TABLE `dbo.T_Pelanggaran` (
  `IDTrans` varchar(14) DEFAULT NULL,
  `Tanggal` varchar(19) DEFAULT NULL,
  `NoInduk` varchar(11) DEFAULT NULL,
  `KodePelanggaran` varchar(4) DEFAULT NULL,
  `TahunAjaran` smallint(6) DEFAULT NULL
) ENGINE=InnoDB DEFAULT CHARSET=utf8mb4;
/*!40101 SET character_set_client = @saved_cs_client */;

--
-- Dumping data for table `dbo.T_Pelanggaran`
--

LOCK TABLES `dbo.T_Pelanggaran` WRITE;
/*!40000 ALTER TABLE `dbo.T_Pelanggaran` DISABLE KEYS */;
INSERT INTO `dbo.T_Pelanggaran` VALUES ('2019/01/P/0001','2019-01-18 00:00:00','1617.2.0061','PLG1',2018),('2019/01/P/0002','2019-01-20 00:00:00','1617.2.0003','PLG1',2018),('2019/02/P/0001','2019-02-14 00:00:00','1617.2.0061','PLG2',2018),('2019/02/P/0002','2019-02-11 00:00:00','1617.1.0092','PLG2',2018),('2019/09/P/0001','2019-09-14 00:00:00','1819.1.0086','PLG1',2019),('2019/09/P/0002','2019-09-14 00:00:00','1819.1.0086','PLG1',2019),('2019/09/P/0002','2019-09-14 00:00:00','1617.1.0002','PLG6',2019),('2019/09/P/0002','2019-09-14 00:00:00','1617.1.0002','',2019),('2020/02/P/0001','2020-02-28 00:00:00','1819.2.0009','PLG1',2019),('2020/02/P/0002','2020-02-28 00:00:00','1516.1.0053','PLG2',2019),('2020/02/P/0002','2020-02-28 00:00:00','1819.3.0017','PLG2',2019),('2020/02/P/0002','2020-02-28 00:00:00','1516.1.0093','PLG2',2019),('2020/02/P/0002','2020-02-28 00:00:00','1819.1.0091','PLG1',2019),('2020/07/P/0001','2020-07-25 00:00:00','1516.1.0069','PLG&',2019),('2022/01/P/0001','2022-01-20 00:00:00','1617.1.0014','PLG6',2021),('2022/01/P/0002','2022-01-20 00:00:00','1617.1.0052','PLG6',2021),('2022/06/P/0001','2022-06-02 00:00:00','1920.1.0009','PLG2',2021),('2017/08/P/0001','2017-08-15 00:00:00','1516.3.0019','PLG4',2017),('2017/08/P/0002','2017-08-15 00:00:00','1516.3.014','PLG4',2017),('2017/08/P/0002','2017-08-15 00:00:00','1516.3.0014','PLG4',2017),('2017/08/P/0002','2017-08-15 00:00:00','1516.3.0008','PLG4',2017),('2017/08/P/0002','2017-08-15 00:00:00','1516.3.0007','PLG4',2017),('2017/08/P/0002','2017-08-15 00:00:00','1516.3.0002','PLG4',2017),('2017/08/P/0002','2017-08-15 00:00:00','1516.3.0013','PLG4',2017),('2017/08/P/0002','2017-08-15 00:00:00','1516.3.0017','PLG4',2017),('2017/08/P/0002','2017-08-15 00:00:00','1516.3.0003','PLG4',2017),('2017/08/P/0002','2017-08-15 00:00:00','1516.3.0011','PLG4',2017),('2017/08/P/0002','2017-08-15 00:00:00','1516.3.0005','PLG4',2017),('2017/08/P/0002','2017-08-15 00:00:00','1516.2.0023','PLG4',2017),('2017/08/P/0002','2017-08-23 00:00:00','1516.1.0068','PLG5',2017),('2017/08/P/0002','2017-08-23 00:00:00','1516.1.0005','PLG5',2017),('2017/08/P/0002','2017-08-23 00:00:00','1516.1.0048','PLG5',2017),('2017/10/P/0001','2017-10-10 00:00:00','1516.1.0011','PLG2',2017),('2017/10/P/0002','2017-10-10 00:00:00','1516.1.0042','PLG2',2017),('2017/10/P/0002','2017-10-10 00:00:00','1718.2.0012','PLG2',2017),('2017/10/P/0002','2017-10-10 00:00:00','1718.2.0045','PLG2',2017),('2017/10/P/0002','2017-10-10 00:00:00','1516.1.0027','PLG4',2017),('2017/10/P/0002','2017-10-10 00:00:00','1516.1.0022','PLG2',2017);
/*!40000 ALTER TABLE `dbo.T_Pelanggaran` ENABLE KEYS */;
UNLOCK TABLES;

--
-- Table structure for table `dbo.T_PendaftaranKeluar`
--

DROP TABLE IF EXISTS `dbo.T_PendaftaranKeluar`;
/*!40101 SET @saved_cs_client     = @@character_set_client */;
/*!40101 SET character_set_client = utf8 */;
CREATE TABLE `dbo.T_PendaftaranKeluar` (
  `IDTrans` varchar(17) DEFAULT NULL,
  `Tanggal` varchar(19) DEFAULT NULL,
  `KodeJurnal` varchar(4) DEFAULT NULL,
  `Uraian` varchar(100) DEFAULT NULL,
  `Nominal` int(11) DEFAULT NULL,
  `Keterangan` varchar(25) DEFAULT NULL,
  `UserID` varchar(15) DEFAULT NULL,
  `NoPendaftaran` varchar(0) DEFAULT NULL,
  `Bulan` varchar(0) DEFAULT NULL,
  `TahunAjaran` smallint(6) DEFAULT NULL,
  `NoUrut` smallint(6) DEFAULT NULL
) ENGINE=InnoDB DEFAULT CHARSET=utf8mb4;
/*!40101 SET character_set_client = @saved_cs_client */;

--
-- Dumping data for table `dbo.T_PendaftaranKeluar`
--

LOCK TABLES `dbo.T_PendaftaranKeluar` WRITE;
/*!40000 ALTER TABLE `dbo.T_PendaftaranKeluar` DISABLE KEYS */;
INSERT INTO `dbo.T_PendaftaranKeluar` VALUES ('2018/01/P026/0001','2018-01-20 13:48:05','P026','Pembelian tang, tespen, stkeer, paku klem, dan kabel listrik 10 meter dll.',300000,'Masud','Meisya Lisse F.','','',2018,1),('2018/01/P026/0002','2018-01-21 13:19:31','P026','Pembelian hab,  tempat kertas (mika), plus transport 12.000',350000,'Masud','Meisya Lisse F.','','',2018,2),('2018/01/P023/0001','2018-01-21 14:35:13','P023','Stample PSB',50000,'Masud','Meisya Lisse F.','','',2018,1),('2017/12/P026/0002','2017-12-21 15:59:24','P026','Pembuatan Aplikasi PSB',1500000,'Suhe','Meisya Lisse F.','','',2018,1),('2018/01/P026/0003','2018-01-08 16:00:15','P026','Baleho dan Spanduk PSB ',240000,'Suhe','Meisya Lisse F.','','',2018,3),('2018/01/P026/0004','2018-01-18 16:00:53','P026','Pemasangan baleho (PSB) bambang dan tandi',100000,'Bambang','Meisya Lisse F.','','',2018,4),('2018/01/P026/0012','2018-01-25 14:08:51','P026','Pengharum ruangan 3 pcs untuk kebutuhan kantor PSB dan kantor TU',100000,'Misnan','Meisya Lisse F.','','',2018,12),('2018/01/P026/0011','2018-01-22 13:37:59','P026','Pemasangan jaringan oleh fredi',100000,'Fredi','Meisya Lisse F.','','',2018,10),('2018/01/P023/0002','2018-01-22 11:51:22','P023','Pembelian kertas qpntinus form + transport (10.000)',225000,'Masud','Meisya Lisse F.','','',2018,2),('2018/01/P026/0008','2018-01-12 11:01:22','P026','Pelunasan pembayaran aplikasi sistem',1000000,'Bagus','Meisya Lisse F.','','',2018,8),('2018/01/P023/0003','2018-01-25 14:10:22','P023','Pembelian buku kas 4 + bantek + stiker + file binder 1 pak + pita printer + parkir + bbm masud',300000,'Masud','Meisya Lisse F.','','',2018,3),('2018/01/P026/0013','2018-01-28 09:37:06','P026','Konsumsi merapikan seragam',30000,'Ustadzah Atul','Meisya Lisse F.','','',2018,13),('2018/02/P023/0001','2018-02-09 10:33:26','P023','Pembelian ATK (Hekter, pulpen, tip - x)',59000,'Masud','Meisya Lisse F.','','',2018,1),('2018/03/P023/0001','2018-03-14 13:58:29','P023','Pembelian alat pendeteksi uang dan ATK',505000,'Ibu Ifat','Meisya Lisse F.','','',2018,1),('2018/03/P026/0001','2018-03-14 15:49:49','P026','Pengisian BBM Kendaraan pondok untuk setoran ke Bank (Ibu Ifat & Masud)',55000,'Ibu Ifat','Meisya Lisse F.','','',2018,1),('2018/03/P026/0002','2018-03-20 10:30:05','P026','Pengisian pulsa ke Pak Bambang untuk menghubungi wali santri',50000,'Masud','Meisya Lisse F.','','',2018,2),('2018/04/P026/0002','2018-04-16 15:57:31','P026','Pembuatan spanduk dan baleho cetakan ke dua',160000,'Suhendar','Meisya Lisse F.','','',2018,2),('2018/04/P026/0001','2018-04-07 10:31:27','P026','pembelian triplek dan ampelas lemari santri baru + bensin 20.000',355000,'Misnan','Meisya Lisse F.','','',2018,1),('2018/04/P026/0003','2018-04-16 15:58:06','P026','Pemasangan baleho oleh masud n dkk',50000,'Suhendar','Meisya Lisse F.','','',2018,3),('2018/04/P026/0004','2018-04-16 15:59:00','P026','Transport pengisian bensin pembuatan spanduk cetakan ke dua',10000,'Suhendar','Meisya Lisse F.','','',2018,4),('2018/05/P023/0001','2018-05-07 15:50:00','P023','Pembelian tinta printer warna hitam merk Epson',95000,'Masud','Meisya Lisse F.','','',2018,1),('2018/05/P026/0001','2018-05-07 16:36:22','P026','Pengisian BBM kendaraan pondok untuk setroan ke Bank BNI, dan BCA pada tgl 27 s/d 28 Maret & 07 mei',165000,'Ibu Ifat','Meisya Lisse F.','','',2018,1),('2018/05/P026/0002','2018-05-11 09:45:28','P026','Pembelian lampu 44 buah (Rp. 1.320.000), NCB (Rp. 85.000), kabel 10 M & Kepiting lampu ( Rp. 130.000',1635000,'Saman','Meisya Lisse F.','','',2018,2),('2018/05/P026/0003','2018-05-20 10:30:38','P026','Pengisian pulsa (50.000) untuk menghubungi semua wali santri PSB (Gel.1)',50000,'Meisya','Meisya Lisse F.','','',2018,3),('2018/01/P001/0001','2018-01-04 09:47:47','P001','Pembelian lemari untuk sample persiapan PSB 2 Unit/ Unit 225000',450000,'Najibullah','Ifat Fatimah, S','','',2018,1),('2018/01/P001/0002','2018-01-04 09:48:43','P001','Pembayaran DP untuk pemesanan lemari ke-1',1000000,'Najibullah','Ifat Fatimah, S','','',2018,2),('2018/02/P001/0001','2018-02-07 09:49:30','P001','Pembayaran DP tambahan untuk lemari ke-2',5000000,'Najibullah','Ifat Fatimah, S','','',2018,1),('2018/02/P001/0002','2018-02-02 09:53:04','P001','Biaya untuk memperbaiki lemari lama yang rusak ',112000,'Pa Misnan','Ifat Fatimah, S','','',2018,2),('2018/02/P001/0003','2018-02-12 09:54:05','P001','Biaya untuk renovasi lemari untuk persiapan PSB',481000,'Pa Misnan','Ifat Fatimah, S','','',2018,3),('2018/02/P001/0004','2018-02-21 09:55:07','P001','Pembelian bensin 5 Liter untuk mobil bakter keperluan angkut barang belanja rehab lemari',50000,'Pa Misnan','Ifat Fatimah, S','','',2018,4),('2018/02/P001/0005','2018-02-24 12:01:40','P001','Renovasi lemari untuk PSB (Triplek 10 lbr 6ml + 3lbr 8 ml + hampelas 2mtr + oker 3kg+lem 5bks)',1000000,'Pa Misnan','Ifat Fatimah, S','','',2018,5),('2018/02/P001/0006','2018-02-27 12:02:43','P001','Pembelian engsel dan dempul pewarna 2kg untuk perbaikan lemari yg rusak ',70000,'Pa Misnan','Ifat Fatimah, S','','',2018,6),('2018/03/P001/0001','2018-03-05 12:03:26','P001','Pembayaran angsuran lemari ',5000000,'Najibullah','Ifat Fatimah, S','','',2018,1),('2018/03/P001/0002','2018-03-12 12:04:09','P001','Pembelian bahan-bahan untuk renovasi lemari PSB Acc pa abun',600000,'Pa Misnan','Ifat Fatimah, S','','',2018,2),('2018/03/P001/0003','2018-03-13 12:05:23','P001','Pembelian bahan-bahan untuk renovasi lemari PSB acc.pa abun (1 Triplek+dinabol+2kg paku+cairan bensi',150000,'Pa Misnan','Ifat Fatimah, S','','',2018,3),('2018/03/P001/0004','2018-03-13 12:06:56','P001','Pembelian bahan-bahan untuk renovasi lemari (1 Kawat las + WD Tipis+1 Ps engsel + dinabol + Paku ren',150000,'Pa Misnan','Ifat Fatimah, S','','',2018,4),('2018/03/P001/0005','2018-03-16 12:09:49','P001','Pembelian plistur + bbm untuk ke panglong daerah ciomas ',650000,'Pa Misnan','Ifat Fatimah, S','','',2018,5),('2018/03/P001/0006','2018-03-16 12:10:30','P001','Psai serut 2 pcs keperluan renovasi lemari ',250000,'Pa Misnan','Ifat Fatimah, S','','',2018,6),('2018/03/P001/0007','2018-03-17 12:11:09','P001','Pembelian antal kuning dan ciongka untuk lemari ',100000,'Pa Misnan','Ifat Fatimah, S','','',2018,7),('2018/04/P001/0001','2018-04-18 12:11:59','P001','Pembelian bahan bangunan untuk renovasi lemari : antal kuning dan ciongkak ',100000,'Pa Misnan','Ifat Fatimah, S','','',2018,1),('2018/03/P001/0008','2018-03-19 12:12:34','P001','Pembelian slot kunci untuk lemari kebutuhan PSB ',200000,'Pa Misnan','Ifat Fatimah, S','','',2018,8),('2018/03/P001/0009','2018-03-22 12:13:31','P001','Pembelian bahan bangunan untuk renovasi lemari : engsel,paku,lem,slot,mur,operpal,baut',430000,'Pa Misnan','Ifat Fatimah, S','','',2018,9),('2018/03/P001/0010','2018-03-26 12:14:16','P001','Pembelian kayu dan triplek untuk pembuatan lemari ',2000000,'Pa Abun','Ifat Fatimah, S','','',2018,10),('2018/03/P001/0011','2018-03-26 12:15:15','P001','Pembelian skup,gypsum,slosing,engsel,loker,baud dan dinabol ',230000,'Pa Misnan','Ifat Fatimah, S','','',2018,11),('2018/04/P001/0002','2018-04-02 12:16:23','P001','Pembelian bahan bangunan untuk renovasi lemari : engsel,plat,siku,dinabol',600000,'Pa Misnan','Ifat Fatimah, S','','',2018,2),('2018/04/P001/0003','2018-04-09 12:22:38','P001','Pembelian engsel,baut,spirtus,dinabol,kunci,bensin',405000,'Pa Misnan','Ifat Fatimah, S','','',2018,3),('2018/04/P001/0004','2018-04-11 12:27:11','P001','Pembelanjaan kayu dan triplek untuk renovasi lemari ',2000000,'Pa Abun','Ifat Fatimah, S','','',2018,4),('2018/04/P001/0005','2018-04-11 12:28:00','P001','Pembayaran angsuran lemari ke najibullah yg ke-4',13300000,'Najibullah','Ifat Fatimah, S','','',2018,5),('2018/04/P001/0006','2018-04-11 12:28:53','P001','Renovasi lemari untuk PSB ',459000,'Pa Misnan','Ifat Fatimah, S','','',2018,6),('2018/04/P001/0007','2018-04-14 12:29:42','P001','Biaya renovasi lemari (Sepul dan paku)',220000,'Pa Misnan','Ifat Fatimah, S','','',2018,7),('2018/04/P001/0008','2018-04-23 12:30:19','P001','Pembelian bahan-bahan untuk rehab lemari ',150000,'Pa Misnan','Ifat Fatimah, S','','',2018,8),('2018/04/P001/0009','2018-04-26 12:31:05','P001','Pelunasan lemari santri baru ',13950000,'Najibullah ','Ifat Fatimah, S','','',2018,9),('2018/04/P001/0010','2018-04-26 12:32:09','P001','Pembelian perlengkapan untuk renovasi lemari PSB : Triplek dan paku ',350000,'Pa Misnan','Ifat Fatimah, S','','',2018,10),('2018/02/P002/0001','2018-02-05 12:36:00','P002','Biaya untuk kebutuhan renovasi ranjang persiapan PSB ',431000,'Pa Misnan','Ifat Fatimah, S','','',2018,1),('2018/02/P002/0002','2018-02-05 12:36:50','P002','Biaya untuk kebutuhan renovasi ranjang persiapan PSB (Kejurangan)',246000,'Pa Misnan','Ifat Fatimah, S','','',2018,2),('2018/02/P002/0003','2018-02-09 12:37:29','P002','Pengisian bensin untuk campuran bahan pengecatan ',50000,'Pa Misnan','Ifat Fatimah, S','','',2018,3),('2018/02/P002/0004','2018-02-12 12:38:12','P002','Biaya Renovasi ranjang untuk persiapan PSB ',249000,'Pa Misnan','Ifat Fatimah, S','','',2018,4),('2018/02/P002/0005','2018-02-15 12:38:57','P002','Pembelian bahan bangunan untuk perbaikan ranjang acc pa abun ',492000,'Pa Misnan','Ifat Fatimah, S','','',2018,5),('2018/02/P002/0007','2018-02-19 12:40:42','P002','Pembayaran Renovasi ranjang persiapan PSB untuk persiapan PSB ',265000,'Pa Misnan','Ifat Fatimah, S','','',2018,6),('2018/02/P002/0008','2018-02-20 12:41:24','P002','Pembayaran renovasi ranjang persiapan PSB ',150000,'Pa Misnan ','Ifat Fatimah, S','','',2018,8),('2018/02/P002/0009','2018-02-21 12:42:24','P002','Pembelian triplek 6lbr,paku,lem kayu, bensin untuk bakter keperluan angkat bahan-bahan',500000,'Pa Misnan','Ifat Fatimah, S','','',2018,9),('2018/03/P002/0001','2018-03-19 12:43:33','P002','Pembelian bahan-bahan pengecatan ranjang acc pa abun untuk persiapan ranjang siswa baru ',160000,'Pa Misnan','Ifat Fatimah, S','','',2018,1),('2018/03/P002/0002','2018-03-22 12:44:29','P002','Pembelian bahan bangunan untuk memperbaiki ranjang persiapan siswa baru ',150000,'Pa Misnan','Ifat Fatimah, S','','',2018,2),('2018/05/P002/0001','2018-05-09 12:45:13','P002','Pembelian cat untuk ranjang dan cat tembok yg bekas kamar kelas 3',1000000,'Pa Misnan\'','Ifat Fatimah, S','','',2018,1),('2018/05/P002/0002','2018-05-10 12:45:47','P002','Pembelian bensin 100.000 dan baut ranjang ',200000,'Pa Misnan','Ifat Fatimah, S','','',2018,2),('2018/05/P002/0003','2018-05-19 12:46:33','P002','Biaya renovasi ranjang dan jendela untuk persiapan PSB ',400000,'Pa Misnan','Ifat Fatimah, S','','',2018,3),('2018/05/P002/0004','2018-05-19 12:47:09','P002','Pembelian baut untuk renovasi ranjang ',200000,'Pa Misnan','Ifat Fatimah, S','','',2018,4),('2018/05/P002/0005','2018-05-21 12:47:45','P002','Pembelian papan triplek untuk alas ranjang ',1500000,'Pa Abun ','Ifat Fatimah, S','','',2018,5),('2018/05/P026/0004','2018-05-24 14:28:32','P026','Setoran ke Bank oleh IBu Ifat (tgl 21 Mei 2018) ',55000,'Ibu Ifat','Meisya Lisse F.','','',2018,4),('2018/05/P026/0005','2018-05-24 14:29:21','P026','Pembelian pulsa oleh Ibu Ifat ke Pak Bambang untuk menghubungi wali santri PSB',24000,'Ibu Ifat','Meisya Lisse F.','','',2018,5),('2018/06/P023/0001','2018-06-05 14:51:56','P023','Pembelian sticker tom & jerry dan plastik putih besar untuk baju baju santri baru',200000,'Ustadzah Atul','Meisya Lisse F.','','',2018,1),('2018/06/P026/0001','2018-06-07 12:36:29','P026','Acara Raker ( konsumsi, takjil dan makan malam, transport)',10000000,'Ustdzah Atul','Meisya Lisse F.','','',2018,1),('2018/07/P026/0003','2018-07-20 11:11:51','P026','Duplikat kunci kantor sekpon, pulsa untuk menghubungi wali santri (undangan rapat walisantri) dan fo',220000,'Masud','Meisya Lisse F.','','',2018,3),('2018/02/P003/0001','2018-02-12 09:45:18','P003','Pembayaran DP Ke-1 Untuk Seragam',20000000,'Ustad Usep','Ifat Fatimah, S','','',2018,1),('2018/02/P003/0002','2018-02-16 09:45:55','P003','Pembayaran DP Ke-2 untuk seragam',20000000,'Ustad Usep','Ifat Fatimah, S','','',2018,2),('2018/04/P003/0001','2018-04-11 09:46:42','P003','Pembayaran DP Ke-3 Untuk seragam',20000000,'Ustad Usep','Ifat Fatimah, S','','',2018,1),('2018/05/P003/0001','2018-05-03 09:47:35','P003','Pembayaran DP Ke-4 Untuk Seragam',10000000,'Ustad Usep','Ifat Fatimah, S','','',2018,1),('2018/06/P003/0001','2018-06-06 09:48:05','P003','Pembayaran angsuran seragam ',30000000,'Ustazah Nissa','Ifat Fatimah, S','','',2018,1),('2018/05/P002/0006','2018-05-29 09:51:49','P002','Pembelian Papan Triplek untuk alas ranjang ',1500000,'Pa Misnan','Ifat Fatimah, S','','',2018,6),('2018/06/P002/0001','2018-06-03 09:52:33','P002','Pembelian kayu dan triplek',3700000,'Pa Abun','Bety','','',2018,1),('2018/02/P007/0001','2018-02-02 13:24:55','P007','Dikeluarkan biaya untuk pembayaran angsuran bangunan asrama Annisa ke pa hari ACC Abah Haji',10000000,'Pa Hari','Ifat Fatimah, S','','',2018,1),('2018/03/P007/0001','2018-03-21 13:25:07','P007','Dikeluarkan biaya untuk pembayaran angsuran bangunan Asrama Annisa ke Pa Hari Acc Abah Haji',50000000,'Pa Hari','Ifat Fatimah, S','','',2018,1),('2018/05/P007/0001','2018-05-25 13:25:17','P007','Dikeluarkan untuk biaya bangunan ke kontraktor',50000000,'Mang Asep','Ifat Fatimah, S','','',2018,1),('2018/06/P007/0001','2018-06-07 13:25:24','P007','Biaya Angsuran untuk bangunan Asrama Annisa ',50000000,'Pa Hari ','Ifat Fatimah, S','','',2018,1),('2018/06/P006/0001','2018-06-07 10:03:44','P006','Pembayaran uang muka untuk pesanan buku kitab pelajaran pondok ke toko sekar wangi untuk MTS,SMA Dan',15000000,'Ustazah Sofi','Ifat Fatimah, S','','',2018,1),('2018/06/P004/0001','2018-06-08 10:04:27','P004','Pembayaran uang muka untuk pesanan buku paket yudistira ',50000000,'Pa Oman','Ifat Fatimah, S','','',2018,1),('2018/06/P005/0001','2018-06-08 10:04:57','P005','Pembayaran uang muka pesanan buku LKS',20000000,'Pa Levi','Ifat Fatimah, S','','',2018,1),('2018/06/P026/0003','2018-06-08 15:50:33','P026','Transport setoran ke bank oleh ibu ifat ke bank bni dan bca tgl 09 juni & Mei',110000,'Ibu Ifat','Meisya Lisse F.','','',2018,3),('2018/06/P026/0004','2018-06-10 12:20:25','P026','Tambahan untuk kekurangan pembelian plastik untuk seragam buat santri',100000,'Mang Misnan','Meisya Lisse F.','','',2018,4),('2018/06/P026/0005','2018-06-10 13:29:56','P026','Menambahi kekurangan pembelian plastik untuk seragam santri baru',80000,'Misnan','Meisya Lisse F.','','',2018,5),('2018/06/P026/0006','2018-06-23 11:30:07','P026','Pengisian pulsa untuk pemberitahuan informasi masuk santri baru oleh (Masud)',50000,'Masud','Meisya Lisse F.','','',2018,6),('2018/06/P026/0007','2018-06-23 12:22:20','P026','Pembelian kunci pintu kantor pimpinan',50000,'Pak Syafi','Meisya Lisse F.','','',2018,7),('2018/07/P025/0004','2018-07-17 13:04:14','P025','Pembelian nasi 30 box x 20 orang untuk makan siang penguji PSB',610000,'Sobiha','Meisya Lisse F.','','',2018,4),('2018/06/P026/0009','2018-06-11 14:53:04','P026','Transport ibu ifat untuk keperluan setoran ke bank BCA oleh ibu Ifat',100000,'Ibu Ifat','Meisya Lisse F.','','',2018,9),('2018/06/P026/0010','2018-06-26 15:00:21','P026','Pembelian Ram komputer PSB',300000,'Masud','Meisya Lisse F.','','',2018,10),('2018/07/P007/0001','2018-07-04 13:25:35','P007','Dikeluarkan untuk biaya angsuran bangunan asrama Annisa ke Pa Hari Acc Abah Haji',50000000,'Ibu Novita','Ifat Fatimah, S','','',2018,1),('2018/06/P003/0002','2018-06-10 13:03:36','P003','Pembayaran Angsuran seragam ',5000000,'Ustazah Nissa ','Ifat Fatimah, S','','',2018,2),('2018/07/P003/0001','2018-07-10 13:04:09','P003','Pelunasan seragam sekolah ',19490000,'Ustad Usep','Ifat Fatimah, S','','',2018,1),('2018/05/P010/0001','2018-05-10 14:13:07','P010','Pembelian pisau keramik + Pel\'an 2 buah + cat tembok + transport ',200000,'Pa Misnan','Ifat Fatimah, S','','',2018,1),('2018/05/P010/0002','2018-05-18 14:14:04','P010','Pembayaran penggantian jendela alumunium 3 blok x Rp 650.000/ Blok',1950000,'Pa Ade','Ifat Fatimah, S','','',2018,2);
/*!40000 ALTER TABLE `dbo.T_PendaftaranKeluar` ENABLE KEYS */;
UNLOCK TABLES;

--
-- Table structure for table `dbo.T_PinjamBuku`
--

DROP TABLE IF EXISTS `dbo.T_PinjamBuku`;
/*!40101 SET @saved_cs_client     = @@character_set_client */;
/*!40101 SET character_set_client = utf8 */;
CREATE TABLE `dbo.T_PinjamBuku` (
  `IDTrans` varchar(15) DEFAULT NULL,
  `TglPinjam` varchar(19) DEFAULT NULL,
  `TglKembali` varchar(19) DEFAULT NULL,
  `TglPengembalian` varchar(0) DEFAULT NULL,
  `NoInduk` varchar(11) DEFAULT NULL,
  `IDBuku` varchar(0) DEFAULT NULL,
  `Keterlambatan` varchar(0) DEFAULT NULL,
  `denda` varchar(0) DEFAULT NULL
) ENGINE=InnoDB DEFAULT CHARSET=utf8mb4;
/*!40101 SET character_set_client = @saved_cs_client */;

--
-- Dumping data for table `dbo.T_PinjamBuku`
--

LOCK TABLES `dbo.T_PinjamBuku` WRITE;
/*!40000 ALTER TABLE `dbo.T_PinjamBuku` DISABLE KEYS */;
INSERT INTO `dbo.T_PinjamBuku` VALUES ('2017/08/PB/0001','2017-08-19 00:00:00','2017-08-26 00:00:00','','1516.1.0017','','',''),('2017/08/PB/0002','2017-08-23 00:00:00','2017-08-27 00:00:00','','1516.1.0008','','',''),('2017/08/PB/0003','2017-08-23 00:00:00','2017-08-27 00:00:00','','1516.1.0009','','',''),('2017/08/PB/0004','2017-08-23 00:00:00','2017-08-30 00:00:00','','1516.1.0010','','',''),('2017/09/PB/0001','2017-09-10 00:00:00','2017-09-14 00:00:00','','1516.1.0007','','',''),('2019/02/PB/0001','2019-02-21 00:00:00','2019-02-23 00:00:00','','1516.1.0036','','',''),('2019/02/PB/0002','2019-02-25 00:00:00','2019-03-04 00:00:00','','1516.1.0055','','',''),('2019/07/PB/0001','2019-07-28 00:00:00','2019-08-04 00:00:00','','1516.1.0016','','',''),('2019/07/PB/0002','2019-07-28 00:00:00','2019-08-04 00:00:00','','1920.1.0103','','',''),('2019/07/PB/0003','2019-07-29 00:00:00','2019-07-17 00:00:00','','1718.2.0047','','',''),('2019/07/PB/0004','2019-07-29 00:00:00','2019-07-11 00:00:00','','1516.1.0020','','',''),('2019/07/PB/0005','2019-07-29 00:00:00','2019-07-31 00:00:00','','1718.2.0020','','',''),('2019/07/PB/0006','2019-07-29 00:00:00','2019-07-31 00:00:00','','1718.2.0020','','',''),('2019/07/PB/0007','2019-07-30 00:00:00','2019-08-02 00:00:00','','1819.1.0042','','',''),('2019/08/PB/0001','2019-08-01 00:00:00','2019-08-07 00:00:00','','1718.2.0013','','','');
/*!40000 ALTER TABLE `dbo.T_PinjamBuku` ENABLE KEYS */;
UNLOCK TABLES;

--
-- Table structure for table `dbo.T_PinjamBuku_Detil`
--

DROP TABLE IF EXISTS `dbo.T_PinjamBuku_Detil`;
/*!40101 SET @saved_cs_client     = @@character_set_client */;
/*!40101 SET character_set_client = utf8 */;
CREATE TABLE `dbo.T_PinjamBuku_Detil` (
  `IDTrans` varchar(15) DEFAULT NULL,
  `TglKembali` varchar(19) DEFAULT NULL,
  `IDBuku` int(11) DEFAULT NULL,
  `Keterlambatan` varchar(0) DEFAULT NULL,
  `Denda` varchar(0) DEFAULT NULL,
  `TglPengembalian` varchar(19) DEFAULT NULL,
  `TglPinjam` varchar(19) DEFAULT NULL
) ENGINE=InnoDB DEFAULT CHARSET=utf8mb4;
/*!40101 SET character_set_client = @saved_cs_client */;

--
-- Dumping data for table `dbo.T_PinjamBuku_Detil`
--

LOCK TABLES `dbo.T_PinjamBuku_Detil` WRITE;
/*!40000 ALTER TABLE `dbo.T_PinjamBuku_Detil` DISABLE KEYS */;
INSERT INTO `dbo.T_PinjamBuku_Detil` VALUES ('2019/02/PB/0001','2019-02-23 00:00:00',558555844,'','','2019-02-26 00:00:00','2019-02-21 00:00:00'),('2019/02/PB/0002','2019-03-04 00:00:00',254852521,'','','2019-02-25 00:00:00','2019-02-25 00:00:00'),('2019/07/PB/0001','2019-08-04 00:00:00',445511,'','','','2019-07-28 00:00:00'),('2019/07/PB/0004','2019-07-11 00:00:00',125521254,'','','','2019-07-29 00:00:00'),('2019/07/PB/0006','2019-07-31 00:00:00',101221,'','','','2019-07-29 00:00:00'),('2019/07/PB/0007','2019-08-02 00:00:00',101221,'','','','2019-07-30 00:00:00'),('2019/08/PB/0001','2019-08-07 00:00:00',1012238,'','','','2019-08-01 00:00:00'),('2017/08/PB/0001','2017-08-26 00:00:00',2,'','','','2017-08-19 00:00:00'),('2017/08/PB/0002','2017-08-27 00:00:00',123545666,'','','2017-08-23 00:00:00','2017-08-23 00:00:00'),('2017/08/PB/0003','2017-08-27 00:00:00',123545666,'','','2017-08-27 00:00:00','2017-08-23 00:00:00'),('2017/08/PB/0004','2017-08-30 00:00:00',123545666,'','','2017-08-30 00:00:00','2017-08-23 00:00:00'),('2017/09/PB/0001','2017-09-14 00:00:00',145545212,'','','2017-09-14 00:00:00','2017-09-10 00:00:00');
/*!40000 ALTER TABLE `dbo.T_PinjamBuku_Detil` ENABLE KEYS */;
UNLOCK TABLES;

--
-- Table structure for table `dbo.T_Prestasi`
--

DROP TABLE IF EXISTS `dbo.T_Prestasi`;
/*!40101 SET @saved_cs_client     = @@character_set_client */;
/*!40101 SET character_set_client = utf8 */;
CREATE TABLE `dbo.T_Prestasi` (
  `IDTrans` varchar(15) DEFAULT NULL,
  `Tanggal` varchar(19) DEFAULT NULL,
  `NoInduk` varchar(11) DEFAULT NULL,
  `KodePrestasi` varchar(5) DEFAULT NULL,
  `TahunAjaran` smallint(6) DEFAULT NULL
) ENGINE=InnoDB DEFAULT CHARSET=utf8mb4;
/*!40101 SET character_set_client = @saved_cs_client */;

--
-- Dumping data for table `dbo.T_Prestasi`
--

LOCK TABLES `dbo.T_Prestasi` WRITE;
/*!40000 ALTER TABLE `dbo.T_Prestasi` DISABLE KEYS */;
INSERT INTO `dbo.T_Prestasi` VALUES ('2022/06/PR/0001','2022-06-02 00:00:00','1617.1.0064','PRES1',2021);
/*!40000 ALTER TABLE `dbo.T_Prestasi` ENABLE KEYS */;
UNLOCK TABLES;

--
-- Table structure for table `dbo.T_TabSis`
--

DROP TABLE IF EXISTS `dbo.T_TabSis`;
/*!40101 SET @saved_cs_client     = @@character_set_client */;
/*!40101 SET character_set_client = utf8 */;
CREATE TABLE `dbo.T_TabSis` (
  `IDTrans` varchar(15) DEFAULT NULL,
  `Tanggal` varchar(19) DEFAULT NULL,
  `NoInduk` varchar(11) DEFAULT NULL,
  `Jenis` varchar(1) DEFAULT NULL,
  `nominal` int(11) DEFAULT NULL,
  `Keterangan` varchar(12) DEFAULT NULL
) ENGINE=InnoDB DEFAULT CHARSET=utf8mb4;
/*!40101 SET character_set_client = @saved_cs_client */;

--
-- Dumping data for table `dbo.T_TabSis`
--

LOCK TABLES `dbo.T_TabSis` WRITE;
/*!40000 ALTER TABLE `dbo.T_TabSis` DISABLE KEYS */;
INSERT INTO `dbo.T_TabSis` VALUES ('2019/02/TS/0001','2019-02-22 00:00:00','1819.2.0042','D',4000,''),('2019/02/TS/0002','2019-02-21 00:00:00','1819.2.0015','D',3000,''),('2019/02/TS/0003','2019-02-21 00:00:00','1819.2.0033','D',112000,''),('2019/02/TS/0004','2019-02-21 00:00:00','1819.2.0010','D',175000,''),('2019/02/TS/0005','2019-02-21 00:00:00','1819.2.0008','D',43000,''),('2019/02/TS/0006','2019-02-21 00:00:00','1819.2.0016','D',345000,''),('2019/02/TS/0007','2019-02-21 00:00:00','1819.2.0003','D',1648000,''),('2019/02/TS/0008','2019-02-21 00:00:00','1819.2.0029','D',127000,''),('2019/02/TS/0009','2019-02-21 00:00:00','1819.2.0024','D',1399000,''),('2019/02/TS/0010','2019-02-21 00:00:00','1819.2.0017','D',250000,''),('2019/02/TS/0011','2019-02-21 00:00:00','1819.2.0014','D',4000,''),('2019/02/TS/0012','2019-02-21 00:00:00','1819.2.0009','D',3000,''),('2019/02/TS/0013','2019-02-21 00:00:00','1819.2.0023','D',466000,''),('2019/02/TS/0014','2019-02-21 00:00:00','1819.2.0006','D',3000,''),('2019/02/TS/0015','2019-02-21 00:00:00','1819.2.0019','D',1280000,''),('2019/02/TS/0016','2019-02-21 00:00:00','1819.2.0037','D',2000,''),('2019/02/TS/0017','2019-02-21 00:00:00','1819.2.0026','D',13000,''),('2019/02/TS/0018','2019-02-21 00:00:00','1819.2.0030','D',13000,''),('2019/02/TS/0019','2019-02-21 00:00:00','1819.2.0021','D',363000,''),('2019/02/TS/0020','2019-02-21 00:00:00','1819.2.0036','D',577000,''),('2019/02/TS/0021','2019-02-21 00:00:00','1819.2.0005','D',158000,''),('2019/02/TS/0022','2019-02-21 00:00:00','1819.2.0020','D',152000,''),('2019/02/TS/0023','2019-02-21 00:00:00','1819.2.0041','D',5033000,''),('2019/02/TS/0024','2019-02-21 00:00:00','1819.2.0012','D',470000,''),('2019/02/TS/0025','2019-02-21 00:00:00','1819.2.0025','D',184000,''),('2019/02/TS/0026','2019-02-21 00:00:00','1819.3.0021','D',45000,''),('2019/02/TS/0027','2019-02-21 00:00:00','1819.3.0016','D',190000,''),('2019/02/TS/0028','2019-02-21 00:00:00','1819.3.0005','D',38000,''),('2019/02/TS/0029','2019-02-21 00:00:00','1819.3.0004','D',225000,''),('2019/02/TS/0030','2019-02-21 00:00:00','1819.3.0019','D',2000,''),('2019/02/TS/0031','2019-02-21 00:00:00','1819.3.0003','D',378000,''),('2019/02/TS/0032','2019-02-21 00:00:00','1819.3.0008','D',87000,''),('2019/02/TS/0033','2019-02-21 00:00:00','1819.3.0009','D',214000,''),('2019/02/TS/0034','2019-02-21 00:00:00','1617.2.0050','D',127000,''),('2019/02/TS/0035','2019-02-21 00:00:00','1516.1.0077','D',89000,''),('2019/02/TS/0036','2019-02-21 00:00:00','1516.1.0083','D',34000,''),('2019/02/TS/0037','2019-02-21 00:00:00','1516.1.0020','D',44000,''),('2019/02/TS/0038','2019-02-21 00:00:00','1516.1.0037','D',201000,''),('2019/02/TS/0039','2019-02-21 00:00:00','1516.1.0069','D',55000,''),('2019/02/TS/0040','2019-02-21 00:00:00','1718.3.0003','D',1388000,''),('2019/02/TS/0041','2019-02-21 00:00:00','1718.2.0002','D',3000,''),('2019/02/TS/0042','2019-02-21 00:00:00','1718.2.0004','D',320000,''),('2019/02/TS/0043','2019-02-21 00:00:00','1718.3.0007','D',5502000,''),('2019/02/TS/0044','2019-02-21 00:00:00','1718.2.0008','D',233000,''),('2019/02/TS/0045','2019-02-21 00:00:00','1718.2.0012','D',11000,''),('2019/02/TS/0046','2019-02-21 00:00:00','1718.3.0004','D',285000,''),('2019/02/TS/0047','2019-02-21 00:00:00','1718.3.0016','D',375000,''),('2019/02/TS/0048','2019-02-21 00:00:00','1718.2.0047','D',4000,''),('2019/02/TS/0049','2019-02-21 00:00:00','1718.2.0011','D',2000,''),('2019/02/TS/0050','2019-02-21 00:00:00','1718.2.0019','D',108000,''),('2019/02/TS/0051','2019-02-21 00:00:00','1718.2.0050','D',23000,''),('2019/02/TS/0052','2019-02-21 00:00:00','1718.2.0066','D',11000,''),('2019/02/TS/0053','2019-02-21 00:00:00','1617.2.0051','D',98000,''),('2019/02/TS/0054','2019-02-21 00:00:00','1617.2.0023','D',122000,''),('2019/02/TS/0055','2019-02-21 00:00:00','1617.2.0009','D',2512000,''),('2019/02/TS/0056','2019-02-21 00:00:00','1617.2.0011','D',307000,''),('2019/02/TS/0057','2019-02-21 00:00:00','1617.2.0028','D',37000,''),('2019/02/TS/0058','2019-02-21 00:00:00','1617.2.0012','D',24000,''),('2019/02/TS/0059','2019-02-22 00:00:00','1617.3.0011','D',53000,''),('2019/02/TS/0060','2019-02-21 00:00:00','1617.2.0015','D',3000,''),('2019/02/TS/0061','2019-02-21 00:00:00','1617.2.0054','D',882000,''),('2019/02/TS/0062','2019-02-21 00:00:00','1617.2.0016','D',29000,''),('2019/02/TS/0063','2019-02-21 00:00:00','1617.2.0053','D',1407000,''),('2019/02/TS/0064','2019-02-21 00:00:00','1617.2.0043','D',538000,''),('2019/02/TS/0065','2019-02-21 00:00:00','1617.2.0047','D',783000,''),('2019/02/TS/0066','2019-02-21 00:00:00','1617.3.0003','D',355000,''),('2019/02/TS/0067','2019-02-21 00:00:00','1617.2.0001','D',43000,''),('2019/02/TS/0068','2019-02-21 00:00:00','1617.2.0004','D',3357000,''),('2019/02/TS/0069','2019-02-21 00:00:00','1617.2.0035','D',104000,''),('2019/02/TS/0070','2019-02-21 00:00:00','39','D',50000,''),('2019/02/TS/0071','2019-02-21 00:00:00','20','D',4000000,''),('2019/02/TS/0072','2019-02-21 00:00:00','1819.2.0029','K',20000,''),('2019/02/TS/0073','2019-02-22 00:00:00','1819.2.0029','K',2000,'ADM Februari'),('2019/02/TS/0074','2019-02-21 00:00:00','1819.2.0023','K',20000,''),('2019/02/TS/0075','2019-02-22 00:00:00','1819.2.0023','K',2000,'ADM Februari'),('2019/02/TS/0076','2019-02-21 00:00:00','1819.2.0021','K',10000,''),('2019/02/TS/0077','2019-02-22 00:00:00','1819.2.0021','K',2000,'ADM Februari'),('2019/02/TS/0078','2019-02-21 00:00:00','1819.2.0036','K',20000,''),('2019/02/TS/0079','2019-02-21 00:00:00','1819.2.0036','K',2000,'ADM Februari'),('2019/02/TS/0080','2019-02-21 00:00:00','1819.2.0012','K',20000,''),('2019/02/TS/0081','2019-02-21 00:00:00','1819.2.0012','K',2000,'ADM Februari'),('2019/02/TS/0082','2019-02-21 00:00:00','1819.2.0025','K',30000,''),('2019/02/TS/0083','2019-02-21 00:00:00','1819.2.0025','K',2000,'ADM Februari'),('2019/02/TS/0084','2019-02-21 00:00:00','1819.2.0041','K',10000,''),('2019/02/TS/0085','2019-02-21 00:00:00','1819.2.0041','K',2000,'ADM Februari'),('2019/02/TS/0086','2019-02-22 00:00:00','1819.3.0021','D',150000,''),('2019/02/TS/0087','2019-02-21 00:00:00','1819.3.0021','K',25000,''),('2019/02/TS/0088','2019-02-21 00:00:00','1819.3.0021','K',2000,'ADM Februari'),('2019/02/TS/0089','2019-02-21 00:00:00','1819.3.0005','K',20000,''),('2019/02/TS/0090','2019-02-21 00:00:00','1819.3.0005','K',2000,'ADM Februari'),('2019/02/TS/0091','2019-02-21 00:00:00','1819.3.0004','K',20000,''),('2019/02/TS/0092','2019-02-22 00:00:00','1819.3.0004','K',2000,'ADM Februari'),('2019/02/TS/0093','2019-02-21 00:00:00','1819.3.0003','K',20000,''),('2019/02/TS/0094','2019-02-21 00:00:00','1819.3.0008','K',20000,''),('2019/02/TS/0095','2019-02-21 00:00:00','1819.3.0008','K',2000,'ADM Februari'),('2019/02/TS/0096','2019-02-14 00:00:00','1819.3.0009','K',20000,''),('2019/02/TS/0097','2019-02-21 00:00:00','1819.3.0009','K',2000,'ADM Februari'),('2019/02/TS/0098','2019-02-21 00:00:00','1819.3.0003','K',2000,'ADM Februari'),('2019/02/TS/0099','2019-02-21 00:00:00','1819.3.0006','D',303000,''),('2019/02/TS/0100','2019-02-21 00:00:00','1819.3.0006','K',20000,'');
/*!40000 ALTER TABLE `dbo.T_TabSis` ENABLE KEYS */;
UNLOCK TABLES;

--
-- Table structure for table `dbo.login`
--

DROP TABLE IF EXISTS `dbo.login`;
/*!40101 SET @saved_cs_client     = @@character_set_client */;
/*!40101 SET character_set_client = utf8 */;
CREATE TABLE `dbo.login` (
  `LoginName` varchar(10) DEFAULT NULL,
  `Passwd` varchar(14) DEFAULT NULL,
  `NamaUser` varchar(26) DEFAULT NULL,
  `grup` varchar(0) DEFAULT NULL,
  `otoritas` tinyint(4) DEFAULT NULL,
  `id` tinyint(4) DEFAULT NULL
) ENGINE=InnoDB DEFAULT CHARSET=utf8mb4;
/*!40101 SET character_set_client = @saved_cs_client */;

--
-- Dumping data for table `dbo.login`
--

LOCK TABLES `dbo.login` WRITE;
/*!40000 ALTER TABLE `dbo.login` DISABLE KEYS */;
INSERT INTO `dbo.login` VALUES ('PSB','PrfP','Panitia PSB','',3,10),('Eca','Swp+','Meisya Lisse F.A, SE','',2,10),('Indri','dEXYQYM','Indri Nurfitri Amalia','',3,10),('mts','/bio','Staff TU MTs','',8,10),('sma','C9En','Staff TU SMA','',8,10),('smk','7YW9','Staff TU SMK','',8,10),('aam','EX5B','Aam, S.Pd','',7,10),('tabsis1','2dsjGA0sPQ','Indri ','',7,10),('tabsis2','GbJHrklBWg','Eca','',7,10),('Suhada','apP9IPFo','Suhada','',3,10),('transfer','LGpUuFmE1sg','Transferan','',3,10),('mubarok','NpYJXoXGDw','Mubarok','',3,10),('heri','BrD3UQ','Ust. Heri Irawan, SM','',1,10),('admin','M6watBY','admin','',0,1),('ifat','EsPtsA','Ifat Fatimah, SE','',2,2),('sofi','mUchGg','Ustdz. Sofiah','',6,10),('beti','g8S7Hw','Bety','',3,10),('suhe','JewVRw','Ust. Suhendar, M.Pd','',4,10),('miftah','TIfpwY7s','Ust. Miftah As\'adi, M.Pd.I','',4,10),('perpus','oJrEr4Lg','Bag. Perpustakaan','',6,10),('sobiha','XqNwYTUU','Sobihah, S.Pd.I','',3,3),('Meisya','hqHve1A6','Meisya Lisse F.A, SE','',3,10),('intan','fGSy9Bs','Ustdz. Intan','',7,7),('usep','sa/+rg','Ust Usep','',5,9),('pengasuhan','qIyOIeeGz93pIw','Majelis Pembina','',4,10),('mutawadiah','Otg7gIWIV+i77A','Ustdz. Muttawadiah, S.Pd.I','',4,10);
/*!40000 ALTER TABLE `dbo.login` ENABLE KEYS */;
UNLOCK TABLES;

--
-- Table structure for table `dbo.t_PotTabsis`
--

DROP TABLE IF EXISTS `dbo.t_PotTabsis`;
/*!40101 SET @saved_cs_client     = @@character_set_client */;
/*!40101 SET character_set_client = utf8 */;
CREATE TABLE `dbo.t_PotTabsis` (
  `Tanggal` varchar(0) DEFAULT NULL,
  `Bulan` varchar(0) DEFAULT NULL,
  `Tahun` varchar(0) DEFAULT NULL,
  `Jumlah` varchar(0) DEFAULT NULL
) ENGINE=InnoDB DEFAULT CHARSET=utf8mb4;
/*!40101 SET character_set_client = @saved_cs_client */;

--
-- Dumping data for table `dbo.t_PotTabsis`
--

LOCK TABLES `dbo.t_PotTabsis` WRITE;
/*!40000 ALTER TABLE `dbo.t_PotTabsis` DISABLE KEYS */;
/*!40000 ALTER TABLE `dbo.t_PotTabsis` ENABLE KEYS */;
UNLOCK TABLES;
/*!40103 SET TIME_ZONE=@OLD_TIME_ZONE */;

/*!40101 SET SQL_MODE=@OLD_SQL_MODE */;
/*!40014 SET FOREIGN_KEY_CHECKS=@OLD_FOREIGN_KEY_CHECKS */;
/*!40014 SET UNIQUE_CHECKS=@OLD_UNIQUE_CHECKS */;
/*!40101 SET CHARACTER_SET_CLIENT=@OLD_CHARACTER_SET_CLIENT */;
/*!40101 SET CHARACTER_SET_RESULTS=@OLD_CHARACTER_SET_RESULTS */;
/*!40101 SET COLLATION_CONNECTION=@OLD_COLLATION_CONNECTION */;
/*!40111 SET SQL_NOTES=@OLD_SQL_NOTES */;

-- Dump completed on 2019-08-22 15:20:39
